image,class_id,x1,y1,x2,y2,confidence
00381_jpg.rf.f3ec2ece7a4e83e367bbda6196bcbb11.jpg,0,293.49578857421875,205.6697998046875,499.11285400390625,479.460693359375,0.9521958231925964
00381_jpg.rf.f3ec2ece7a4e83e367bbda6196bcbb11.jpg,0,0.0,22.3309326171875,60.556453704833984,480.0,0.6050914525985718
00390_jpg.rf.ad6b1aa2b9dc00e98a143ccf7100a7f9.jpg,0,293.20147705078125,207.260009765625,503.75445556640625,480.0,0.9559458494186401
00420_jpg.rf.7c4502681057a77f20353797397e5e14.jpg,0,303.8140869140625,204.403076171875,502.319091796875,479.8197021484375,0.9565172791481018
00505_jpg.rf.a27e744c71e4b59f6be397afd1c08247.jpg,0,292.634765625,206.25341796875,500.3753662109375,479.6346435546875,0.9538302421569824
00505_jpg.rf.a27e744c71e4b59f6be397afd1c08247.jpg,0,141.05276489257812,103.62890625,292.7556457519531,480.0,0.9018087387084961
00539_jpg.rf.41b2d5c8f491f3b3c73b791e916a3632.jpg,0,292.7730712890625,204.94049072265625,501.53387451171875,480.0,0.9603368043899536
00566_jpg.rf.ae3540b7fe7f5f2509842807cebfede3.jpg,0,292.0057373046875,205.7479248046875,500.655517578125,480.0,0.9559513330459595
00630_jpg.rf.d2cafb7b340e84ed4f1caff2c7112d57.jpg,0,297.839111328125,207.13604736328125,501.2569580078125,480.0,0.9593851566314697
00764_jpg.rf.59cbaf1476637f72b945dc2ac51aa6f3.jpg,0,299.80096435546875,206.92425537109375,501.46478271484375,479.96484375,0.9624291658401489
00793_jpg.rf.6f03d12990599378ee4700c7ed060a29.jpg,0,297.6938781738281,203.03814697265625,501.5204772949219,480.0,0.962572455406189
00800_jpg.rf.c3a86c8fc8ac7eb2614af75598f15460.jpg,0,292.86181640625,196.0321044921875,500.28729248046875,480.0,0.9540086388587952
01230_jpg.rf.87890a103e2f0727fc3ea95eb6b2947b.jpg,0,79.30279541015625,49.2930908203125,238.08468627929688,480.0,0.9304184913635254
01316_jpg.rf.3f3912e7b89ba064f54d16f3b56c85a6.jpg,0,147.19412231445312,36.079345703125,321.48004150390625,479.44036865234375,0.9240575432777405
01636_jpg.rf.280ed160dc2dee6135d76d0c9ee8a81d.jpg,0,285.1441650390625,204.15478515625,455.63232421875,479.1396484375,0.9621535539627075
01659_jpg.rf.d5e2d3a4a22ecab36da834d7047d5546.jpg,0,285.447021484375,201.18560791015625,455.9276123046875,479.407958984375,0.9571643471717834
01818_jpg.rf.9400f1fc2bbdf52251bb22fb31a8a1df.jpg,0,54.875030517578125,204.7978515625,317.5968017578125,480.0,0.8523561954498291
01818_jpg.rf.9400f1fc2bbdf52251bb22fb31a8a1df.jpg,0,301.66217041015625,186.2275390625,515.6414184570312,480.0,0.842231273651123
01822_jpg.rf.c9006494aa87ef2393a33b9331e6bc33.jpg,0,317.833251953125,187.8504638671875,528.0045776367188,480.0,0.9272807836532593
01822_jpg.rf.c9006494aa87ef2393a33b9331e6bc33.jpg,0,60.793548583984375,275.56298828125,350.0839538574219,478.2978515625,0.5085049867630005
01919_jpg.rf.bdca4bdbeb7c36a6765908c72557402b.jpg,0,305.2115478515625,195.4725341796875,523.909423828125,480.0,0.9527170658111572
01974_jpg.rf.2af6edae5d3bc87bb7dc274c4d5ac9f5.jpg,0,287.34320068359375,207.84967041015625,461.94952392578125,479.76959228515625,0.9433025121688843
01976_jpg.rf.36ed55c5138151dc4241cfda9d791b03.jpg,0,287.22314453125,208.21112060546875,462.11785888671875,479.81231689453125,0.9456676244735718
0_jpg.rf.2f5e75118e3190be9fa9fe9a74ccca87.jpg,0,270.89013671875,92.62353515625,354.8731689453125,309.28759765625,0.8722912073135376
0_jpg.rf.2f5e75118e3190be9fa9fe9a74ccca87.jpg,0,451.146484375,108.55197143554688,550.5968627929688,404.365478515625,0.8643432855606079
0_jpg.rf.2f5e75118e3190be9fa9fe9a74ccca87.jpg,0,97.81724548339844,144.15478515625,220.4687042236328,391.511962890625,0.8348454833030701
0_jpg.rf.2f5e75118e3190be9fa9fe9a74ccca87.jpg,0,171.24267578125,129.67645263671875,264.04693603515625,348.27398681640625,0.8346700668334961
0_jpg.rf.2f5e75118e3190be9fa9fe9a74ccca87.jpg,0,0.0,484.9390869140625,172.29859924316406,720.0,0.8213323354721069
0_jpg.rf.2f5e75118e3190be9fa9fe9a74ccca87.jpg,0,376.53497314453125,79.33123779296875,455.08026123046875,286.44903564453125,0.817948043346405
0_jpg.rf.2f5e75118e3190be9fa9fe9a74ccca87.jpg,0,965.4647216796875,148.231689453125,1047.031005859375,250.70306396484375,0.8114632368087769
0_jpg.rf.2f5e75118e3190be9fa9fe9a74ccca87.jpg,0,513.597900390625,55.3511962890625,583.80517578125,261.6231689453125,0.8087021112442017
0_jpg.rf.2f5e75118e3190be9fa9fe9a74ccca87.jpg,0,339.2403564453125,63.08489990234375,399.5389404296875,284.58251953125,0.7729599475860596
0_jpg.rf.2f5e75118e3190be9fa9fe9a74ccca87.jpg,0,0.0,216.13018798828125,67.11483764648438,466.14581298828125,0.6792693734169006
0_jpg.rf.2f5e75118e3190be9fa9fe9a74ccca87.jpg,0,0.0,286.9664306640625,69.61666870117188,460.7930908203125,0.5162593126296997
0_jpg.rf.2f5e75118e3190be9fa9fe9a74ccca87.jpg,0,69.12451171875,145.64947509765625,145.857177734375,383.09783935546875,0.352145791053772
1540318711-amritsar_train_accident_jpg.rf.1bbaeb1cb6aed71e777812e331a0db5e.jpg,0,203.87147521972656,175.43917846679688,320.3953857421875,502.6499938964844,0.8485369682312012
1540318711-amritsar_train_accident_jpg.rf.1bbaeb1cb6aed71e777812e331a0db5e.jpg,0,39.15331268310547,369.8183288574219,171.74560546875,778.7196044921875,0.8368712663650513
1540318711-amritsar_train_accident_jpg.rf.1bbaeb1cb6aed71e777812e331a0db5e.jpg,0,879.7169189453125,40.94752883911133,959.1599731445312,270.28729248046875,0.8323805332183838
1540318711-amritsar_train_accident_jpg.rf.1bbaeb1cb6aed71e777812e331a0db5e.jpg,0,325.6729736328125,438.2458801269531,446.0173034667969,842.2029418945312,0.8223171234130859
1540318711-amritsar_train_accident_jpg.rf.1bbaeb1cb6aed71e777812e331a0db5e.jpg,0,90.61710357666016,0.3868961036205292,168.2622528076172,208.15231323242188,0.8210423588752747
1540318711-amritsar_train_accident_jpg.rf.1bbaeb1cb6aed71e777812e331a0db5e.jpg,0,553.8726196289062,130.2715301513672,645.788330078125,446.8075256347656,0.7857498526573181
1540318711-amritsar_train_accident_jpg.rf.1bbaeb1cb6aed71e777812e331a0db5e.jpg,0,953.1990356445312,31.84404182434082,1052.30615234375,302.75933837890625,0.7777048349380493
1540318711-amritsar_train_accident_jpg.rf.1bbaeb1cb6aed71e777812e331a0db5e.jpg,0,1027.13232421875,43.756683349609375,1110.845458984375,288.3782653808594,0.7722128629684448
1540318711-amritsar_train_accident_jpg.rf.1bbaeb1cb6aed71e777812e331a0db5e.jpg,0,0.0,0.3905439078807831,58.25922775268555,206.3580780029297,0.7674031257629395
1540318711-amritsar_train_accident_jpg.rf.1bbaeb1cb6aed71e777812e331a0db5e.jpg,0,441.288818359375,81.17105102539062,530.5076904296875,377.9305725097656,0.7417064905166626
1540318711-amritsar_train_accident_jpg.rf.1bbaeb1cb6aed71e777812e331a0db5e.jpg,0,621.064208984375,77.13133239746094,683.7645263671875,318.83135986328125,0.7241020798683167
1540318711-amritsar_train_accident_jpg.rf.1bbaeb1cb6aed71e777812e331a0db5e.jpg,0,566.9090576171875,2.186594009399414,638.486328125,141.8579864501953,0.6363754868507385
1540318711-amritsar_train_accident_jpg.rf.1bbaeb1cb6aed71e777812e331a0db5e.jpg,0,1138.7052001953125,337.2375793457031,1199.4952392578125,616.468017578125,0.4633343517780304
1540318711-amritsar_train_accident_jpg.rf.1bbaeb1cb6aed71e777812e331a0db5e.jpg,0,653.5380249023438,0.0,716.6878662109375,127.13798522949219,0.3233301639556885
1_png.rf.9a2293736ad7fcd7acd9c17d9434cd04.jpg,0,337.8858947753906,290.03857421875,424.4745788574219,505.28326416015625,0.7220600843429565
1_png.rf.9a2293736ad7fcd7acd9c17d9434cd04.jpg,0,289.3583679199219,306.7068176269531,368.1177978515625,509.6818542480469,0.6787861585617065
1_png.rf.9a2293736ad7fcd7acd9c17d9434cd04.jpg,0,947.9549560546875,278.0923767089844,1004.9212646484375,392.66754150390625,0.4605717957019806
20160_jpg.rf.71b0a7b72d3bbc32b3af3ce3a1c83863.jpg,0,800.1607055664062,141.724365234375,911.3095092773438,467.4638671875,0.9042613506317139
20160_jpg.rf.71b0a7b72d3bbc32b3af3ce3a1c83863.jpg,0,705.967041015625,148.37960815429688,813.6236572265625,419.327392578125,0.8997539281845093
20160_jpg.rf.71b0a7b72d3bbc32b3af3ce3a1c83863.jpg,0,250.29209899902344,83.56866455078125,346.9903564453125,313.9345703125,0.8863174915313721
20160_jpg.rf.71b0a7b72d3bbc32b3af3ce3a1c83863.jpg,0,639.47021484375,60.41571044921875,719.6707763671875,277.65570068359375,0.8818717002868652
20160_jpg.rf.71b0a7b72d3bbc32b3af3ce3a1c83863.jpg,0,42.30815124511719,175.474365234375,125.15797424316406,394.27978515625,0.8643844127655029
20160_jpg.rf.71b0a7b72d3bbc32b3af3ce3a1c83863.jpg,0,193.1561279296875,123.84573364257812,288.6501770019531,344.577880859375,0.8495928645133972
20160_jpg.rf.71b0a7b72d3bbc32b3af3ce3a1c83863.jpg,0,115.06684875488281,168.69873046875,207.42994689941406,361.4931640625,0.8482586741447449
20160_jpg.rf.71b0a7b72d3bbc32b3af3ce3a1c83863.jpg,0,305.0196838378906,56.14471435546875,391.2413024902344,289.03936767578125,0.8476698398590088
20160_jpg.rf.71b0a7b72d3bbc32b3af3ce3a1c83863.jpg,0,518.81591796875,69.42303466796875,594.681396484375,291.60028076171875,0.828474223613739
20160_jpg.rf.71b0a7b72d3bbc32b3af3ce3a1c83863.jpg,0,589.1982421875,35.10302734375,645.916748046875,243.31134033203125,0.8004097938537598
20160_jpg.rf.71b0a7b72d3bbc32b3af3ce3a1c83863.jpg,0,0.0,210.30032348632812,55.85943603515625,456.44140625,0.7691690921783447
20160_jpg.rf.71b0a7b72d3bbc32b3af3ce3a1c83863.jpg,0,960.072265625,153.260498046875,1041.356689453125,253.33056640625,0.7450606822967529
20160_jpg.rf.71b0a7b72d3bbc32b3af3ce3a1c83863.jpg,0,198.5430450439453,97.35302734375,320.65020751953125,331.81317138671875,0.28755971789360046
23040_jpg.rf.7a74094c6fc2d9d443b724881bb2d71a.jpg,0,136.7344512939453,168.4031982421875,221.58692932128906,381.87158203125,0.8703187108039856
23040_jpg.rf.7a74094c6fc2d9d443b724881bb2d71a.jpg,0,600.3231811523438,162.9327392578125,686.9990844726562,433.172119140625,0.8638914823532104
23040_jpg.rf.7a74094c6fc2d9d443b724881bb2d71a.jpg,0,646.8177490234375,194.26007080078125,775.7984619140625,520.5409545898438,0.861504852771759
23040_jpg.rf.7a74094c6fc2d9d443b724881bb2d71a.jpg,0,731.1759033203125,281.62890625,880.0931396484375,628.575927734375,0.8571978807449341
23040_jpg.rf.7a74094c6fc2d9d443b724881bb2d71a.jpg,0,483.62872314453125,72.18841552734375,575.7750854492188,313.4952392578125,0.8508821725845337
23040_jpg.rf.7a74094c6fc2d9d443b724881bb2d71a.jpg,0,207.6920166015625,139.98529052734375,301.783447265625,340.56781005859375,0.8500790596008301
23040_jpg.rf.7a74094c6fc2d9d443b724881bb2d71a.jpg,0,69.30227661132812,169.80520629882812,145.64517211914062,377.9248046875,0.8463232517242432
23040_jpg.rf.7a74094c6fc2d9d443b724881bb2d71a.jpg,0,832.0101318359375,154.93777465820312,954.42626953125,466.75244140625,0.8217163681983948
23040_jpg.rf.7a74094c6fc2d9d443b724881bb2d71a.jpg,0,325.45220947265625,52.9244384765625,406.17144775390625,282.31787109375,0.8160748481750488
23040_jpg.rf.7a74094c6fc2d9d443b724881bb2d71a.jpg,0,268.0167236328125,87.2908935546875,352.5045166015625,306.7159423828125,0.7637429237365723
23040_jpg.rf.7a74094c6fc2d9d443b724881bb2d71a.jpg,0,0.0,211.67230224609375,72.92085266113281,459.54364013671875,0.7557844519615173
23040_jpg.rf.7a74094c6fc2d9d443b724881bb2d71a.jpg,0,585.8284912109375,64.80941772460938,656.4578857421875,231.47525024414062,0.6547805070877075
23040_jpg.rf.7a74094c6fc2d9d443b724881bb2d71a.jpg,0,928.1033325195312,147.53045654296875,1002.0149536132812,241.0140380859375,0.6293200850486755
23040_jpg.rf.7a74094c6fc2d9d443b724881bb2d71a.jpg,0,567.2239990234375,38.2099609375,608.4345703125,246.14715576171875,0.463824063539505
23040_jpg.rf.7a74094c6fc2d9d443b724881bb2d71a.jpg,0,572.063232421875,49.12750244140625,620.08154296875,241.078857421875,0.3816623091697693
23040_jpg.rf.7a74094c6fc2d9d443b724881bb2d71a.jpg,0,0.0,328.8519287109375,27.81511878967285,466.1597900390625,0.3240641951560974
23040_jpg.rf.7a74094c6fc2d9d443b724881bb2d71a.jpg,0,282.87603759765625,67.2974853515625,365.0540771484375,300.7025146484375,0.28225764632225037
31680_jpg.rf.adb6c64dbf22ed839c7368da87b078e3.jpg,0,763.1605834960938,141.41787719726562,924.0916137695312,475.5850830078125,0.8821508884429932
31680_jpg.rf.adb6c64dbf22ed839c7368da87b078e3.jpg,0,0.0,309.138671875,177.68582153320312,608.682861328125,0.8234418034553528
31680_jpg.rf.adb6c64dbf22ed839c7368da87b078e3.jpg,0,266.60223388671875,81.36798095703125,349.48052978515625,303.70379638671875,0.7972873449325562
31680_jpg.rf.adb6c64dbf22ed839c7368da87b078e3.jpg,0,936.9442138671875,206.95529174804688,1062.5283203125,531.471435546875,0.7341181039810181
31680_jpg.rf.adb6c64dbf22ed839c7368da87b078e3.jpg,0,302.97613525390625,75.1845703125,388.74969482421875,276.529296875,0.7314845323562622
31680_jpg.rf.adb6c64dbf22ed839c7368da87b078e3.jpg,0,160.10671997070312,119.8515625,255.89328002929688,336.517333984375,0.7224081754684448
31680_jpg.rf.adb6c64dbf22ed839c7368da87b078e3.jpg,0,189.88189697265625,136.07040405273438,258.40423583984375,331.1419677734375,0.5460904836654663
31680_jpg.rf.adb6c64dbf22ed839c7368da87b078e3.jpg,0,0.0,405.5316162109375,70.40773010253906,663.3349609375,0.4861782193183899
31680_jpg.rf.adb6c64dbf22ed839c7368da87b078e3.jpg,0,967.224365234375,149.49755859375,1058.0648193359375,270.014892578125,0.4232942461967468
31680_jpg.rf.adb6c64dbf22ed839c7368da87b078e3.jpg,0,984.3858642578125,149.890380859375,1060.146484375,313.59613037109375,0.37934258580207825
31680_jpg.rf.adb6c64dbf22ed839c7368da87b078e3.jpg,0,289.1925048828125,78.95526123046875,364.108642578125,288.50341796875,0.26124489307403564
36000_jpg.rf.51cf0d7dec803ca7dc88de7a9dacafd5.jpg,0,604.850830078125,57.110107421875,687.7498779296875,275.14434814453125,0.8856481313705444
36000_jpg.rf.51cf0d7dec803ca7dc88de7a9dacafd5.jpg,0,871.891357421875,184.74649047851562,1010.0565185546875,524.4630126953125,0.8686769008636475
36000_jpg.rf.51cf0d7dec803ca7dc88de7a9dacafd5.jpg,0,731.646484375,145.83444213867188,928.713623046875,455.493896484375,0.842269241809845
36000_jpg.rf.51cf0d7dec803ca7dc88de7a9dacafd5.jpg,0,513.5775146484375,66.3211669921875,588.3563232421875,281.325439453125,0.8289378881454468
36000_jpg.rf.51cf0d7dec803ca7dc88de7a9dacafd5.jpg,0,565.458740234375,24.980224609375,622.17919921875,234.47003173828125,0.8198275566101074
36000_jpg.rf.51cf0d7dec803ca7dc88de7a9dacafd5.jpg,0,258.42974853515625,96.374267578125,337.0869140625,313.9237060546875,0.8159323930740356
36000_jpg.rf.51cf0d7dec803ca7dc88de7a9dacafd5.jpg,0,302.18975830078125,62.07147216796875,387.99761962890625,288.953125,0.8067890405654907
36000_jpg.rf.51cf0d7dec803ca7dc88de7a9dacafd5.jpg,0,132.978759765625,136.25979614257812,225.69482421875,364.717041015625,0.7685362696647644
36000_jpg.rf.51cf0d7dec803ca7dc88de7a9dacafd5.jpg,0,0.0,225.96142578125,66.05842590332031,455.630615234375,0.7459615468978882
36000_jpg.rf.51cf0d7dec803ca7dc88de7a9dacafd5.jpg,0,96.24432373046875,173.22503662109375,193.4447021484375,387.50213623046875,0.7362730503082275
36000_jpg.rf.51cf0d7dec803ca7dc88de7a9dacafd5.jpg,0,893.9454345703125,138.42587280273438,995.0240478515625,228.83920288085938,0.5726398229598999
36000_jpg.rf.51cf0d7dec803ca7dc88de7a9dacafd5.jpg,0,0.0,332.0120849609375,29.027759552001953,464.54150390625,0.32566559314727783
37440_jpg.rf.e72db17d91a5e5401dc2e4aecc81b451.jpg,0,839.2631225585938,160.56344604492188,939.0564575195312,481.999267578125,0.8731829524040222
37440_jpg.rf.e72db17d91a5e5401dc2e4aecc81b451.jpg,0,595.01513671875,56.3065185546875,674.560546875,270.71759033203125,0.8590837717056274
37440_jpg.rf.e72db17d91a5e5401dc2e4aecc81b451.jpg,0,445.01861572265625,26.29620361328125,524.9255981445312,249.62603759765625,0.8543354272842407
37440_jpg.rf.e72db17d91a5e5401dc2e4aecc81b451.jpg,0,32.1522216796875,190.03033447265625,159.54544067382812,450.84295654296875,0.8165428638458252
37440_jpg.rf.e72db17d91a5e5401dc2e4aecc81b451.jpg,0,972.145263671875,463.0833740234375,1143.650146484375,714.9771728515625,0.809808611869812
37440_jpg.rf.e72db17d91a5e5401dc2e4aecc81b451.jpg,0,256.2727355957031,88.48834228515625,336.3002624511719,313.62603759765625,0.8092278838157654
37440_jpg.rf.e72db17d91a5e5401dc2e4aecc81b451.jpg,0,549.6962890625,32.32025146484375,612.6094970703125,235.28167724609375,0.8059566020965576
37440_jpg.rf.e72db17d91a5e5401dc2e4aecc81b451.jpg,0,0.0,218.35543823242188,58.18318176269531,458.43798828125,0.7651083469390869
37440_jpg.rf.e72db17d91a5e5401dc2e4aecc81b451.jpg,0,282.72869873046875,68.5977783203125,379.99102783203125,300.2437744140625,0.7191815376281738
38880_jpg.rf.a6a49a0c8cbec44202de2c4d6fd8e2e1.jpg,0,399.59375,281.1253662109375,535.6040649414062,631.86962890625,0.8918567895889282
38880_jpg.rf.a6a49a0c8cbec44202de2c4d6fd8e2e1.jpg,0,545.4924926757812,383.1549072265625,691.1918334960938,711.1300048828125,0.8888463973999023
38880_jpg.rf.a6a49a0c8cbec44202de2c4d6fd8e2e1.jpg,0,57.49898147583008,190.454345703125,178.6123504638672,474.101806640625,0.8695591688156128
38880_jpg.rf.a6a49a0c8cbec44202de2c4d6fd8e2e1.jpg,0,754.9979248046875,146.38204956054688,979.5421142578125,491.79736328125,0.8461090326309204
38880_jpg.rf.a6a49a0c8cbec44202de2c4d6fd8e2e1.jpg,0,0.0,208.0157470703125,59.02131652832031,461.869384765625,0.796733021736145
38880_jpg.rf.a6a49a0c8cbec44202de2c4d6fd8e2e1.jpg,0,253.37460327148438,74.686767578125,333.1883239746094,312.916748046875,0.7943304777145386
38880_jpg.rf.a6a49a0c8cbec44202de2c4d6fd8e2e1.jpg,0,532.5743408203125,27.583984375,579.2030029296875,210.8890380859375,0.7569180727005005
38880_jpg.rf.a6a49a0c8cbec44202de2c4d6fd8e2e1.jpg,0,283.80010986328125,70.85406494140625,380.81195068359375,292.370361328125,0.7370465397834778
38880_jpg.rf.a6a49a0c8cbec44202de2c4d6fd8e2e1.jpg,0,563.296142578125,47.1158447265625,631.72509765625,237.2637939453125,0.7363224625587463
38880_jpg.rf.a6a49a0c8cbec44202de2c4d6fd8e2e1.jpg,0,510.73291015625,202.78179931640625,646.8643798828125,472.62237548828125,0.7280479669570923
43200_jpg.rf.8cd99962b565ea716be8da3d3a29e5b9.jpg,0,531.0662231445312,38.12774658203125,611.7459106445312,287.1929931640625,0.872521162033081
43200_jpg.rf.8cd99962b565ea716be8da3d3a29e5b9.jpg,0,295.8001403808594,68.51519775390625,400.8291320800781,288.02215576171875,0.8604474067687988
43200_jpg.rf.8cd99962b565ea716be8da3d3a29e5b9.jpg,0,592.62451171875,91.849609375,695.83642578125,345.8817138671875,0.8571159839630127
43200_jpg.rf.8cd99962b565ea716be8da3d3a29e5b9.jpg,0,687.189697265625,86.76171875,774.047607421875,346.48736572265625,0.854579746723175
43200_jpg.rf.8cd99962b565ea716be8da3d3a29e5b9.jpg,0,851.9329833984375,195.62152099609375,1041.3970947265625,518.5825805664062,0.8221025466918945
43200_jpg.rf.8cd99962b565ea716be8da3d3a29e5b9.jpg,0,260.7528076171875,94.04901123046875,335.49658203125,312.58685302734375,0.7983510494232178
43200_jpg.rf.8cd99962b565ea716be8da3d3a29e5b9.jpg,0,0.410552978515625,228.3106689453125,136.20928955078125,504.9959716796875,0.7515943050384521
43200_jpg.rf.8cd99962b565ea716be8da3d3a29e5b9.jpg,0,0.1305694580078125,260.0037841796875,91.47065734863281,577.6346435546875,0.7495508193969727
44640_jpg.rf.19952b06e5c7c29b3a8ab1468dd2d331.jpg,0,662.0528564453125,141.45480346679688,769.2203369140625,395.977294921875,0.891619086265564
44640_jpg.rf.19952b06e5c7c29b3a8ab1468dd2d331.jpg,0,85.10621643066406,169.47219848632812,180.56724548339844,360.0322265625,0.8674604892730713
44640_jpg.rf.19952b06e5c7c29b3a8ab1468dd2d331.jpg,0,777.17724609375,149.92144775390625,942.8763427734375,447.76947021484375,0.8656588196754456
44640_jpg.rf.19952b06e5c7c29b3a8ab1468dd2d331.jpg,0,157.090087890625,112.0079345703125,262.3265380859375,371.237060546875,0.8596155643463135
44640_jpg.rf.19952b06e5c7c29b3a8ab1468dd2d331.jpg,0,589.7257080078125,53.1597900390625,683.4971923828125,289.5797119140625,0.8544342517852783
44640_jpg.rf.19952b06e5c7c29b3a8ab1468dd2d331.jpg,0,262.9674377441406,104.766845703125,339.2397155761719,316.32586669921875,0.8374557495117188
44640_jpg.rf.19952b06e5c7c29b3a8ab1468dd2d331.jpg,0,298.3653564453125,65.4508056640625,393.947021484375,284.9749755859375,0.8246212005615234
44640_jpg.rf.19952b06e5c7c29b3a8ab1468dd2d331.jpg,0,512.7938232421875,78.00201416015625,581.4630126953125,283.88885498046875,0.8229788541793823
44640_jpg.rf.19952b06e5c7c29b3a8ab1468dd2d331.jpg,0,0.0,225.76718139648438,66.70601654052734,454.1011962890625,0.7961046695709229
44640_jpg.rf.19952b06e5c7c29b3a8ab1468dd2d331.jpg,0,560.5269775390625,41.7109375,608.9815673828125,267.32965087890625,0.6590724587440491
44640_jpg.rf.19952b06e5c7c29b3a8ab1468dd2d331.jpg,0,853.8116455078125,93.9322509765625,913.1881103515625,208.3406982421875,0.6164272427558899
44640_jpg.rf.19952b06e5c7c29b3a8ab1468dd2d331.jpg,0,535.2852783203125,23.088134765625,575.9556884765625,89.88671875,0.3249585032463074
47520_jpg.rf.22333b6b74e0b47b8963b7fe2d74119f.jpg,0,845.053955078125,223.6422119140625,999.005615234375,534.2039794921875,0.8317502737045288
47520_jpg.rf.22333b6b74e0b47b8963b7fe2d74119f.jpg,0,447.784423828125,24.31671142578125,522.1016845703125,223.9462890625,0.8237543702125549
47520_jpg.rf.22333b6b74e0b47b8963b7fe2d74119f.jpg,0,261.70556640625,91.48779296875,354.3907470703125,320.3609619140625,0.820976972579956
47520_jpg.rf.22333b6b74e0b47b8963b7fe2d74119f.jpg,0,315.07159423828125,69.97174072265625,383.10516357421875,283.13555908203125,0.816360354423523
47520_jpg.rf.22333b6b74e0b47b8963b7fe2d74119f.jpg,0,568.7984619140625,47.66827392578125,635.3819580078125,246.81451416015625,0.808012843132019
47520_jpg.rf.22333b6b74e0b47b8963b7fe2d74119f.jpg,0,0.0,221.10455322265625,104.31197357177734,432.09320068359375,0.8046194314956665
47520_jpg.rf.22333b6b74e0b47b8963b7fe2d74119f.jpg,0,403.36065673828125,54.31451416015625,465.3521728515625,249.71466064453125,0.8030561804771423
47520_jpg.rf.22333b6b74e0b47b8963b7fe2d74119f.jpg,0,827.69873046875,82.29754638671875,882.681396484375,201.08441162109375,0.6904542446136475
47520_jpg.rf.22333b6b74e0b47b8963b7fe2d74119f.jpg,0,544.1943359375,32.42608642578125,585.03857421875,227.58453369140625,0.6551018357276917
47520_jpg.rf.22333b6b74e0b47b8963b7fe2d74119f.jpg,0,79.25204467773438,178.73507690429688,185.71310424804688,362.89697265625,0.5565640926361084
47520_jpg.rf.22333b6b74e0b47b8963b7fe2d74119f.jpg,0,0.4474296569824219,301.15191650390625,46.72958755493164,477.27789306640625,0.41277724504470825
47520_jpg.rf.22333b6b74e0b47b8963b7fe2d74119f.jpg,0,101.92279052734375,226.60122680664062,174.00454711914062,354.2698974609375,0.2696215510368347
48960_jpg.rf.654452f20747168ab86be7f54273eecc.jpg,0,607.3204345703125,296.133056640625,782.94873046875,650.0146484375,0.8815661072731018
48960_jpg.rf.654452f20747168ab86be7f54273eecc.jpg,0,852.39208984375,428.30908203125,1030.8837890625,695.4501953125,0.8768297433853149
48960_jpg.rf.654452f20747168ab86be7f54273eecc.jpg,0,768.3232421875,221.29983520507812,925.69677734375,638.178466796875,0.8657199144363403
48960_jpg.rf.654452f20747168ab86be7f54273eecc.jpg,0,276.70159912109375,92.5355224609375,366.06683349609375,310.75848388671875,0.8453258275985718
48960_jpg.rf.654452f20747168ab86be7f54273eecc.jpg,0,331.5144958496094,68.17156982421875,411.5733337402344,276.2529296875,0.8178333044052124
48960_jpg.rf.654452f20747168ab86be7f54273eecc.jpg,0,0.0,206.2889404296875,124.36013793945312,436.92041015625,0.8014535903930664
48960_jpg.rf.654452f20747168ab86be7f54273eecc.jpg,0,536.5610961914062,26.57208251953125,581.4823608398438,216.39862060546875,0.8002321124076843
48960_jpg.rf.654452f20747168ab86be7f54273eecc.jpg,0,573.7693481445312,48.3414306640625,639.8685913085938,241.27008056640625,0.799894392490387
48960_jpg.rf.654452f20747168ab86be7f54273eecc.jpg,0,936.5316162109375,211.94500732421875,1069.5653076171875,438.75848388671875,0.7300733327865601
48960_jpg.rf.654452f20747168ab86be7f54273eecc.jpg,0,645.7633056640625,178.55996704101562,752.5482177734375,377.9315185546875,0.62932288646698
48960_jpg.rf.654452f20747168ab86be7f54273eecc.jpg,0,0.2446746826171875,267.6104736328125,42.123435974121094,464.1781005859375,0.4762345850467682
53280_jpg.rf.731f4aa944453b80edff09dcbaf79bc7.jpg,0,824.1705932617188,190.89205932617188,1009.0602416992188,519.826416015625,0.9124517440795898
53280_jpg.rf.731f4aa944453b80edff09dcbaf79bc7.jpg,0,262.6483459472656,95.05963134765625,357.6308898925781,321.51922607421875,0.8662581443786621
53280_jpg.rf.731f4aa944453b80edff09dcbaf79bc7.jpg,0,48.557464599609375,152.99407958984375,169.03785705566406,421.99041748046875,0.842389702796936
53280_jpg.rf.731f4aa944453b80edff09dcbaf79bc7.jpg,0,140.7879638671875,120.36651611328125,293.77508544921875,432.98712158203125,0.8256911039352417
53280_jpg.rf.731f4aa944453b80edff09dcbaf79bc7.jpg,0,0.025360107421875,325.1524658203125,122.31839752197266,659.7664794921875,0.7205876111984253
53280_jpg.rf.731f4aa944453b80edff09dcbaf79bc7.jpg,0,0.0,0.0,113.68981170654297,663.849853515625,0.309350848197937
53280_jpg.rf.731f4aa944453b80edff09dcbaf79bc7.jpg,0,0.0,228.594970703125,69.41256713867188,469.9183349609375,0.2911949157714844
54720_jpg.rf.25cf08e3e3368f87d8d614cf2b0adb33.jpg,0,38.99931716918945,164.23486328125,134.2856903076172,426.0013427734375,0.8809776902198792
54720_jpg.rf.25cf08e3e3368f87d8d614cf2b0adb33.jpg,0,499.045654296875,92.447998046875,574.696533203125,336.747314453125,0.8806641101837158
54720_jpg.rf.25cf08e3e3368f87d8d614cf2b0adb33.jpg,0,586.77685546875,42.73992919921875,666.162109375,271.258544921875,0.8675970435142517
54720_jpg.rf.25cf08e3e3368f87d8d614cf2b0adb33.jpg,0,850.9683837890625,199.03964233398438,965.16748046875,497.4268798828125,0.867119550704956
54720_jpg.rf.25cf08e3e3368f87d8d614cf2b0adb33.jpg,0,124.364501953125,152.35223388671875,238.80450439453125,374.12493896484375,0.8623631000518799
54720_jpg.rf.25cf08e3e3368f87d8d614cf2b0adb33.jpg,0,663.1845703125,77.062744140625,740.281005859375,347.020751953125,0.8234032392501831
54720_jpg.rf.25cf08e3e3368f87d8d614cf2b0adb33.jpg,0,0.0,223.73455810546875,66.59452819824219,473.09332275390625,0.7314323782920837
56160_jpg.rf.898f6880afeff048524eff179bc4453c.jpg,0,123.22998046875,149.61581420898438,212.50527954101562,383.1051025390625,0.8705941438674927
56160_jpg.rf.898f6880afeff048524eff179bc4453c.jpg,0,893.2305908203125,206.60580444335938,1020.2159423828125,510.3345947265625,0.8627023696899414
56160_jpg.rf.898f6880afeff048524eff179bc4453c.jpg,0,59.59141540527344,169.03839111328125,147.66192626953125,376.62457275390625,0.8401792049407959
56160_jpg.rf.898f6880afeff048524eff179bc4453c.jpg,0,0.09670257568359375,230.41323852539062,92.86592102050781,497.3958740234375,0.8341537714004517
56160_jpg.rf.898f6880afeff048524eff179bc4453c.jpg,0,544.337646484375,92.22003173828125,617.95068359375,314.02276611328125,0.8153791427612305
56160_jpg.rf.898f6880afeff048524eff179bc4453c.jpg,0,721.953125,151.15985107421875,847.49267578125,471.99676513671875,0.7953016757965088
56160_jpg.rf.898f6880afeff048524eff179bc4453c.jpg,0,546.3739013671875,33.6756591796875,614.5653076171875,123.432861328125,0.4433152675628662
5760_jpg.rf.d22add467221f3c824942b398a96e458.jpg,0,754.61279296875,203.77572631835938,887.59326171875,593.3302001953125,0.88410484790802
5760_jpg.rf.d22add467221f3c824942b398a96e458.jpg,0,578.9912109375,63.78759765625,655.28955078125,282.9345703125,0.8452860116958618
5760_jpg.rf.d22add467221f3c824942b398a96e458.jpg,0,130.13723754882812,137.5123291015625,242.77951049804688,389.6336669921875,0.8361077308654785
5760_jpg.rf.d22add467221f3c824942b398a96e458.jpg,0,19.35805892944336,199.57528686523438,115.99453735351562,428.8311767578125,0.8301252126693726
5760_jpg.rf.d22add467221f3c824942b398a96e458.jpg,0,437.88531494140625,84.6927490234375,541.2610473632812,317.07763671875,0.8243841528892517
5760_jpg.rf.d22add467221f3c824942b398a96e458.jpg,0,874.188720703125,231.34616088867188,1069.146484375,541.473388671875,0.7816948890686035
5760_jpg.rf.d22add467221f3c824942b398a96e458.jpg,0,924.131591796875,442.9390869140625,1068.3040771484375,714.917236328125,0.742840588092804
5760_jpg.rf.d22add467221f3c824942b398a96e458.jpg,0,869.037109375,102.41815185546875,950.9915771484375,229.26104736328125,0.6894683837890625
5760_jpg.rf.d22add467221f3c824942b398a96e458.jpg,0,949.9940185546875,172.8079833984375,1046.02880859375,259.33551025390625,0.5450992584228516
5760_jpg.rf.d22add467221f3c824942b398a96e458.jpg,0,490.5729675292969,16.76776123046875,548.69921875,202.69970703125,0.5057588815689087
60480_jpg.rf.1558606ec30a0222f54fe200e7369f7b.jpg,0,603.79150390625,342.98681640625,750.0726318359375,669.2593994140625,0.8892855644226074
60480_jpg.rf.1558606ec30a0222f54fe200e7369f7b.jpg,0,417.146240234375,36.61700439453125,492.72076416015625,244.35565185546875,0.8670405149459839
60480_jpg.rf.1558606ec30a0222f54fe200e7369f7b.jpg,0,907.12548828125,224.23587036132812,1014.70654296875,511.199951171875,0.8625456094741821
60480_jpg.rf.1558606ec30a0222f54fe200e7369f7b.jpg,0,629.4698486328125,132.1302490234375,722.4471435546875,388.1829833984375,0.8606140613555908
60480_jpg.rf.1558606ec30a0222f54fe200e7369f7b.jpg,0,571.0679321289062,33.95281982421875,659.7858276367188,266.63958740234375,0.8592742681503296
60480_jpg.rf.1558606ec30a0222f54fe200e7369f7b.jpg,0,125.13020324707031,150.52645874023438,233.07640075683594,366.9056396484375,0.852433443069458
60480_jpg.rf.1558606ec30a0222f54fe200e7369f7b.jpg,0,484.5537414550781,24.480224609375,540.534912109375,213.720703125,0.8034716844558716
60480_jpg.rf.1558606ec30a0222f54fe200e7369f7b.jpg,0,69.04057312011719,168.7679443359375,152.16036987304688,361.416015625,0.7983590364456177
60480_jpg.rf.1558606ec30a0222f54fe200e7369f7b.jpg,0,0.0,223.88394165039062,83.53584289550781,483.1009521484375,0.6962476372718811
60480_jpg.rf.1558606ec30a0222f54fe200e7369f7b.jpg,0,0.21132278442382812,262.724609375,36.11225891113281,481.659423828125,0.29643234610557556
61920_jpg.rf.37843de087f1ef96bac94e28f5d7b413.jpg,0,755.8970947265625,217.573486328125,903.6732177734375,512.0362548828125,0.8846828937530518
61920_jpg.rf.37843de087f1ef96bac94e28f5d7b413.jpg,0,901.39794921875,231.00765991210938,1042.638427734375,525.1072998046875,0.867458701133728
61920_jpg.rf.37843de087f1ef96bac94e28f5d7b413.jpg,0,117.78519439697266,151.7822265625,222.71707153320312,374.4749755859375,0.8640438318252563
61920_jpg.rf.37843de087f1ef96bac94e28f5d7b413.jpg,0,481.76708984375,88.00006103515625,561.161865234375,314.20269775390625,0.848323404788971
61920_jpg.rf.37843de087f1ef96bac94e28f5d7b413.jpg,0,437.8577880859375,25.8397216796875,502.1240234375,238.97119140625,0.8076311945915222
61920_jpg.rf.37843de087f1ef96bac94e28f5d7b413.jpg,0,0.0,222.2451171875,82.7352294921875,482.456787109375,0.7664470672607422
61920_jpg.rf.37843de087f1ef96bac94e28f5d7b413.jpg,0,490.52947998046875,25.331298828125,541.9061889648438,100.9742431640625,0.5461861491203308
61920_jpg.rf.37843de087f1ef96bac94e28f5d7b413.jpg,0,0.07262039184570312,283.6551513671875,34.80785369873047,480.6898193359375,0.26000046730041504
63360_jpg.rf.82fe9621831a019e7fd54df622f2fe2e.jpg,0,133.00909423828125,152.10098266601562,241.8785400390625,370.9249267578125,0.8519666194915771
63360_jpg.rf.82fe9621831a019e7fd54df622f2fe2e.jpg,0,444.58917236328125,164.35943603515625,544.2957153320312,424.65740966796875,0.8334878087043762
63360_jpg.rf.82fe9621831a019e7fd54df622f2fe2e.jpg,0,977.71875,333.83349609375,1170.259765625,664.541015625,0.8288732767105103
63360_jpg.rf.82fe9621831a019e7fd54df622f2fe2e.jpg,0,421.14923095703125,32.7816162109375,496.26068115234375,246.903564453125,0.8029294610023499
63360_jpg.rf.82fe9621831a019e7fd54df622f2fe2e.jpg,0,74.86624145507812,155.8385009765625,166.4949951171875,360.556396484375,0.7902030944824219
63360_jpg.rf.82fe9621831a019e7fd54df622f2fe2e.jpg,0,505.74615478515625,107.3717041015625,575.0704956054688,350.06732177734375,0.7665884494781494
63360_jpg.rf.82fe9621831a019e7fd54df622f2fe2e.jpg,0,481.29888916015625,29.4486083984375,537.2406616210938,124.8751220703125,0.6921888589859009
63360_jpg.rf.82fe9621831a019e7fd54df622f2fe2e.jpg,0,0.08553314208984375,200.09689331054688,76.76432800292969,477.03271484375,0.6892342567443848
66240_jpg.rf.0a09d5163a6e20285a06568e148dc166.jpg,0,510.158203125,106.8302001953125,641.86572265625,430.8017578125,0.8440814018249512
66240_jpg.rf.0a09d5163a6e20285a06568e148dc166.jpg,0,931.5758056640625,211.5701904296875,1045.2247314453125,508.935302734375,0.833712637424469
66240_jpg.rf.0a09d5163a6e20285a06568e148dc166.jpg,0,625.4207763671875,116.148193359375,712.7039794921875,377.5164794921875,0.828101634979248
66240_jpg.rf.0a09d5163a6e20285a06568e148dc166.jpg,0,487.5726318359375,77.5745849609375,555.3526611328125,299.09356689453125,0.8024764060974121
66240_jpg.rf.0a09d5163a6e20285a06568e148dc166.jpg,0,891.1484375,112.00634765625,983.126953125,226.73870849609375,0.5946108102798462
6_png.rf.e357d2f58c1dd85274a2a6fd1d37b319.jpg,0,207.56101989746094,268.1958923339844,374.6575012207031,336.54815673828125,0.5737994313240051
6_png.rf.e357d2f58c1dd85274a2a6fd1d37b319.jpg,0,206.43899536132812,223.73141479492188,379.33001708984375,336.07513427734375,0.5474801063537598
6_png.rf.e357d2f58c1dd85274a2a6fd1d37b319.jpg,0,202.216796875,267.67132568359375,296.5854797363281,335.1366271972656,0.42659929394721985
7332226-3x2-940x627_jpg.rf.72b8c278b3626d86c88f6de8679c3d15.jpg,0,142.37965393066406,288.0374450683594,263.8577575683594,550.773193359375,0.8455579280853271
7332226-3x2-940x627_jpg.rf.72b8c278b3626d86c88f6de8679c3d15.jpg,0,776.3116455078125,155.52850341796875,861.293701171875,366.2772521972656,0.8293443918228149
7332226-3x2-940x627_jpg.rf.72b8c278b3626d86c88f6de8679c3d15.jpg,0,600.1285400390625,244.53988647460938,745.6746215820312,519.0908203125,0.810100793838501
7332226-3x2-940x627_jpg.rf.72b8c278b3626d86c88f6de8679c3d15.jpg,0,489.4980163574219,231.9799041748047,596.7977905273438,511.16943359375,0.7833849191665649
7332226-3x2-940x627_jpg.rf.72b8c278b3626d86c88f6de8679c3d15.jpg,0,742.7022094726562,105.37618255615234,819.282470703125,305.4473876953125,0.759452223777771
7332226-3x2-940x627_jpg.rf.72b8c278b3626d86c88f6de8679c3d15.jpg,0,393.7030029296875,313.02691650390625,511.0676574707031,615.7593994140625,0.7450782060623169
7332226-3x2-940x627_jpg.rf.72b8c278b3626d86c88f6de8679c3d15.jpg,0,560.12841796875,69.92719268798828,630.8448486328125,219.67430114746094,0.7397432327270508
7332226-3x2-940x627_jpg.rf.72b8c278b3626d86c88f6de8679c3d15.jpg,0,487.3529357910156,72.51146697998047,561.6576538085938,267.68157958984375,0.6281739473342896
7332226-3x2-940x627_jpg.rf.72b8c278b3626d86c88f6de8679c3d15.jpg,0,451.117919921875,28.705169677734375,514.4826049804688,272.1864318847656,0.6235736608505249
7332226-3x2-940x627_jpg.rf.72b8c278b3626d86c88f6de8679c3d15.jpg,0,219.79542541503906,403.4815368652344,352.47607421875,623.5949096679688,0.6045174598693848
7332226-3x2-940x627_jpg.rf.72b8c278b3626d86c88f6de8679c3d15.jpg,0,225.0020751953125,406.5430908203125,342.5417175292969,570.9061279296875,0.46527063846588135
7332226-3x2-940x627_jpg.rf.72b8c278b3626d86c88f6de8679c3d15.jpg,0,451.5125732421875,29.273208618164062,515.8399658203125,177.88258361816406,0.28369903564453125
7332226-3x2-940x627_jpg.rf.72b8c278b3626d86c88f6de8679c3d15.jpg,0,213.1868133544922,262.6549377441406,314.0101318359375,411.0892333984375,0.2620850205421448
7_png.rf.2a65b351bfb7456cec7a9e9348189128.jpg,0,761.081787109375,519.171875,994.2298583984375,901.351806640625,0.8652528524398804
7_png.rf.2a65b351bfb7456cec7a9e9348189128.jpg,0,337.2034912109375,664.1522216796875,557.66552734375,902.6719360351562,0.8271000385284424
7_png.rf.2a65b351bfb7456cec7a9e9348189128.jpg,0,350.1437683105469,56.81831741333008,432.7742004394531,237.50807189941406,0.8059200048446655
7_png.rf.2a65b351bfb7456cec7a9e9348189128.jpg,0,408.35369873046875,194.64723205566406,533.156494140625,471.224853515625,0.7938417196273804
7_png.rf.2a65b351bfb7456cec7a9e9348189128.jpg,0,220.6436309814453,190.44430541992188,331.6175842285156,476.05072021484375,0.7918664813041687
7_png.rf.2a65b351bfb7456cec7a9e9348189128.jpg,0,259.8188171386719,9.160073280334473,330.67755126953125,171.1065673828125,0.7732268571853638
874046-mahim-tracks-100719_jpg.rf.5250aa0ef150810a19cd4e3a76e4b030.jpg,0,152.13954162597656,66.1235122680664,175.94044494628906,115.49024963378906,0.5815541744232178
874046-mahim-tracks-100719_jpg.rf.5250aa0ef150810a19cd4e3a76e4b030.jpg,0,248.47328186035156,27.944120407104492,267.2648620605469,67.96700286865234,0.4958746135234833
874046-mahim-tracks-100719_jpg.rf.5250aa0ef150810a19cd4e3a76e4b030.jpg,0,241.48716735839844,23.571016311645508,267.96142578125,68.47347259521484,0.49239790439605713
874046-mahim-tracks-100719_jpg.rf.5250aa0ef150810a19cd4e3a76e4b030.jpg,0,228.45767211914062,14.469868659973145,267.5980529785156,69.18336486816406,0.4819738268852234
874046-mahim-tracks-100719_jpg.rf.5250aa0ef150810a19cd4e3a76e4b030.jpg,0,224.3917694091797,0.0,264.3627624511719,69.89326477050781,0.4751392900943756
BridgeEntrance-001_00389_jpg.rf.efecfca44c12e7ff68751e34fc33c0ee.jpg,0,225.8029327392578,135.4823455810547,262.851806640625,206.5382080078125,0.7734671831130981
BridgeEntrance-001_00389_jpg.rf.efecfca44c12e7ff68751e34fc33c0ee.jpg,0,256.4736633300781,116.38796997070312,277.7864990234375,169.4458465576172,0.7463411092758179
BridgeEntrance-003_00295_jpg.rf.03de95498c0644c71faad4b1afc349ef.jpg,0,227.63511657714844,142.32533264160156,258.6888427734375,215.6584930419922,0.7753726243972778
BridgeEntrance-004_00468_jpg.rf.31cff0e9c8ece663394197d4df5c5ca1.jpg,0,294.9715881347656,163.3245391845703,325.9606628417969,234.556640625,0.7239274382591248
BridgeEntrance-004_00603_jpg.rf.9cdf1e4000ed0fab35dedbf91590a09a.jpg,0,269.32598876953125,121.12379455566406,294.867431640625,184.49293518066406,0.749235987663269
BridgeEntrance-006_00111_jpg.rf.d7ff19a7e63d8799405a9e5e8e7b391d.jpg,0,259.6033020019531,136.51602172851562,282.2351379394531,200.87660217285156,0.8565507531166077
BridgeEntrance-006_00111_jpg.rf.d7ff19a7e63d8799405a9e5e8e7b391d.jpg,0,316.0517272949219,165.0601348876953,344.5240783691406,240.448486328125,0.6331714987754822
BridgeEntrance-006_00111_jpg.rf.d7ff19a7e63d8799405a9e5e8e7b391d.jpg,0,296.94573974609375,98.31155395507812,304.5152893066406,116.85124969482422,0.4259020686149597
BridgeEntrance-006_00111_jpg.rf.d7ff19a7e63d8799405a9e5e8e7b391d.jpg,0,288.0422058105469,98.802734375,297.24481201171875,117.1310806274414,0.38948360085487366
BridgeEntrance-006_00111_jpg.rf.d7ff19a7e63d8799405a9e5e8e7b391d.jpg,0,331.80645751953125,167.58029174804688,351.3451843261719,234.45765686035156,0.34031081199645996
BridgeEntrance-006_00283_jpg.rf.59b1194c24efb00d824a99e0bbfde9d4.jpg,0,222.35177612304688,119.39189910888672,244.0675048828125,182.1873321533203,0.8015905618667603
BridgeEntrance-006_00283_jpg.rf.59b1194c24efb00d824a99e0bbfde9d4.jpg,0,294.599609375,97.48816680908203,306.08465576171875,125.08365631103516,0.6590194702148438
BridgeEntrance-006_00495_jpg.rf.57d1425da094db7a538977ec4cacae81.jpg,0,235.0957489013672,130.22039794921875,256.5726318359375,192.3720245361328,0.7978605031967163
BridgeEntrance-006_00495_jpg.rf.57d1425da094db7a538977ec4cacae81.jpg,0,264.70513916015625,136.01451110839844,283.4781188964844,198.12753295898438,0.7908938527107239
BridgeEntrance-006_00495_jpg.rf.57d1425da094db7a538977ec4cacae81.jpg,0,305.80548095703125,148.8900909423828,328.36395263671875,210.01809692382812,0.3241264820098877
CaughtonCameraTheftfromshop-03-02-20-jpg-gallery_jpg.rf.32f8a3de7a88030395ed6ceccea96649.jpg,0,2.2755088806152344,337.1590881347656,161.57664489746094,687.62158203125,0.9184191823005676
CaughtonCameraTheftfromshop-03-02-20-jpg-gallery_jpg.rf.32f8a3de7a88030395ed6ceccea96649.jpg,0,248.72898864746094,24.510086059570312,353.8548278808594,312.6710205078125,0.8699294328689575
CaughtonCameraTheftfromshop-03-02-20-jpg-gallery_jpg.rf.32f8a3de7a88030395ed6ceccea96649.jpg,0,143.44989013671875,212.53167724609375,275.14739990234375,594.8543701171875,0.8529719114303589
CrossRoad-001_00019_jpg.rf.ab73159208e346f50d69499920365043.jpg,0,95.66316223144531,95.4714126586914,123.72437286376953,167.50608825683594,0.7556751370429993
CrossRoad-001_00021_jpg.rf.a63f0771afa4d66319903c494bb4e228.jpg,0,166.33949279785156,77.44200134277344,190.4079132080078,135.40643310546875,0.6662323474884033
CrossRoad-001_00061_jpg.rf.e47c1974e71d49c98c1acbce9dff2424.jpg,0,85.0417251586914,203.65966796875,146.13340759277344,361.40509033203125,0.8240582942962646
CrossRoad-001_00116_jpg.rf.264a42148c4927b949d7e0db4b41f69a.jpg,0,8.012284278869629,108.67906188964844,42.80776596069336,188.2875213623047,0.8235045671463013
CrossRoad-001_00147_jpg.rf.f0a67686c276e65e140754a2b14291b0.jpg,0,172.7314910888672,163.20858764648438,231.55545043945312,287.8475646972656,0.7953009605407715
Road-001_00511_jpg.rf.d68693888399c7f890f001ee817be0b0.jpg,0,33.31060028076172,137.341552734375,67.9046859741211,212.9225616455078,0.7484836578369141
Road-001_00511_jpg.rf.d68693888399c7f890f001ee817be0b0.jpg,0,100.16441345214844,62.44050216674805,111.00794982910156,86.91935729980469,0.6672241687774658
Road-001_00511_jpg.rf.d68693888399c7f890f001ee817be0b0.jpg,0,52.5621337890625,67.58353424072266,65.67146301269531,92.70976257324219,0.49763110280036926
Road-001_00511_jpg.rf.d68693888399c7f890f001ee817be0b0.jpg,0,65.30619812011719,67.1912841796875,74.5717544555664,88.55465698242188,0.47386133670806885
Road-001_00511_jpg.rf.d68693888399c7f890f001ee817be0b0.jpg,0,88.78366088867188,60.24885940551758,98.51451110839844,81.69315338134766,0.26811403036117554
Road-002_00339_jpg.rf.baf824a42223947538eda99271d00358.jpg,0,77.38239288330078,193.5360870361328,118.322509765625,322.3277282714844,0.8741626739501953
Road-004_00305_jpg.rf.c8f8b3ac280f7dcccd2691ac5fb34549.jpg,0,146.25735473632812,159.69140625,186.54525756835938,270.19769287109375,0.8649718761444092
Road-004_00305_jpg.rf.c8f8b3ac280f7dcccd2691ac5fb34549.jpg,0,78.2462158203125,80.9463882446289,93.00757598876953,115.26044464111328,0.8174080848693848
Road-004_00305_jpg.rf.c8f8b3ac280f7dcccd2691ac5fb34549.jpg,0,110.74888610839844,68.56263732910156,126.7131576538086,104.34465026855469,0.673046350479126
Road-004_00305_jpg.rf.c8f8b3ac280f7dcccd2691ac5fb34549.jpg,0,120.01318359375,66.63197326660156,132.9395751953125,100.76251983642578,0.3610539436340332
Road-005_00294_jpg.rf.47d7732a1bb16c0c6961bca36c90b20c.jpg,0,222.11178588867188,90.28854370117188,239.649658203125,134.4610137939453,0.7669989466667175
Road-005_00294_jpg.rf.47d7732a1bb16c0c6961bca36c90b20c.jpg,0,86.96294403076172,146.0873260498047,121.95672607421875,248.20033264160156,0.7656866312026978
Road-005_00294_jpg.rf.47d7732a1bb16c0c6961bca36c90b20c.jpg,0,52.14992904663086,151.24191284179688,91.93794250488281,243.4386444091797,0.7123324275016785
SJTU_SEIEE-182_330-02071_jpg.rf.be994ebf50637042dee3487bdfc22cb9.jpg,0,725.0545654296875,495.9539794921875,841.1544799804688,621.5914306640625,0.8217060565948486
SJTU_SEIEE-182_330-02071_jpg.rf.be994ebf50637042dee3487bdfc22cb9.jpg,0,1027.3741455078125,288.9277038574219,1077.904296875,405.5779724121094,0.7638530731201172
SJTU_SEIEE-182_330-02071_jpg.rf.be994ebf50637042dee3487bdfc22cb9.jpg,0,925.3485717773438,295.0072937011719,971.7518920898438,416.88482666015625,0.7604449987411499
SJTU_SEIEE-182_330-02071_jpg.rf.be994ebf50637042dee3487bdfc22cb9.jpg,0,1075.1260986328125,289.9094543457031,1122.3548583984375,419.6737060546875,0.7263613343238831
SJTU_SEIEE-182_330-02071_jpg.rf.be994ebf50637042dee3487bdfc22cb9.jpg,0,973.1651000976562,286.91015625,1018.6514282226562,404.0189208984375,0.6486212015151978
SJTU_SEIEE-182_330-02083_jpg.rf.347bc35f75d26e607ae5ede2eda11f09.jpg,0,691.3560791015625,470.27197265625,824.9412841796875,617.3248901367188,0.8320014476776123
SJTU_SEIEE-182_330-02083_jpg.rf.347bc35f75d26e607ae5ede2eda11f09.jpg,0,915.149658203125,286.9519958496094,965.380615234375,419.2632751464844,0.7717109322547913
SJTU_SEIEE-182_330-02083_jpg.rf.347bc35f75d26e607ae5ede2eda11f09.jpg,0,1028.688720703125,289.6584777832031,1078.5556640625,405.1350402832031,0.7694472074508667
SJTU_SEIEE-182_330-02083_jpg.rf.347bc35f75d26e607ae5ede2eda11f09.jpg,0,1075.4383544921875,289.4999084472656,1122.393310546875,419.3542785644531,0.7450971007347107
SJTU_SEIEE-182_330-02083_jpg.rf.347bc35f75d26e607ae5ede2eda11f09.jpg,0,971.9764404296875,288.9774169921875,1019.4774780273438,394.4443359375,0.7245930433273315
SJTU_SEIEE-182_330-02734_jpg.rf.1a64187dde76254a47bfd4901ba60f53.jpg,0,651.6396484375,473.82568359375,789.3604125976562,638.325439453125,0.7938745021820068
SJTU_SEIEE-182_330-02734_jpg.rf.1a64187dde76254a47bfd4901ba60f53.jpg,0,1010.3895263671875,288.4070739746094,1067.4998779296875,408.00201416015625,0.7903413772583008
SJTU_SEIEE-182_330-02818_jpg.rf.c12e83b7d35dcb5a8161367db7e12aab.jpg,0,647.5361938476562,500.7226867675781,804.2662963867188,644.833984375,0.8473249673843384
SJTU_SEIEE-182_330-02818_jpg.rf.c12e83b7d35dcb5a8161367db7e12aab.jpg,0,1010.5816040039062,288.9077453613281,1067.3665771484375,408.2384948730469,0.7856619358062744
SJTU_SEIEE-182_330-02854_jpg.rf.7fed8cb24b22a9c1497a237be315e407.jpg,0,635.6737670898438,500.93170166015625,804.2216186523438,641.6929321289062,0.8721141815185547
SJTU_SEIEE-182_330-02854_jpg.rf.7fed8cb24b22a9c1497a237be315e407.jpg,0,1009.7627563476562,288.1960144042969,1068.078125,407.4775085449219,0.7825629711151123
SJTU_SEIEE-182_330-02950_jpg.rf.9d882f60332ab801b206fbe0860fb07d.jpg,0,353.7453918457031,385.4729919433594,454.0064392089844,616.60498046875,0.8434306383132935
SJTU_SEIEE-182_330-02950_jpg.rf.9d882f60332ab801b206fbe0860fb07d.jpg,0,663.5401611328125,515.6854248046875,796.4273071289062,668.184814453125,0.8357044458389282
SJTU_SEIEE-182_330-02950_jpg.rf.9d882f60332ab801b206fbe0860fb07d.jpg,0,1011.2019653320312,289.4436340332031,1068.022705078125,409.1337890625,0.7836458683013916
SeieeDept-011_00805_jpg.rf.f2745e7e5e93f9205ffaf1d264e53802.jpg,0,124.31178283691406,341.3437805175781,192.33187866210938,568.4757080078125,0.7718992233276367
SeieeDept-011_00805_jpg.rf.f2745e7e5e93f9205ffaf1d264e53802.jpg,0,82.02830505371094,369.36627197265625,159.53091430664062,588.8823852539062,0.7245816588401794
SeieeDept-011_00995_jpg.rf.435e69f2809b9e52a0960d5bcaaa832e.jpg,0,194.38455200195312,330.94696044921875,330.7191162109375,564.6846923828125,0.888888418674469
SeieeDept-012_00716_jpg.rf.027e2cb874c9263e6b5d7342e2580f23.jpg,0,326.17266845703125,490.4093017578125,461.1537170410156,818.8828735351562,0.8742358684539795
SeieeDept-012_00716_jpg.rf.027e2cb874c9263e6b5d7342e2580f23.jpg,0,1028.6630859375,149.28514099121094,1059.1907958984375,222.6118927001953,0.6698727607727051
SeieeDept-013_00249_jpg.rf.e8d00ebba612d5a270836ffd61029bea.jpg,0,547.4447021484375,458.26690673828125,687.065185546875,793.3263549804688,0.8774412870407104
SeieeDept-015_00358_jpg.rf.f0e1f49c07c25999b8cc1aa88f5b49d3.jpg,0,450.4335632324219,436.9693603515625,552.0372924804688,695.7598266601562,0.8385339975357056
SeieeDept-016_00125_jpg.rf.5a848cddff6b7b7b4a3b90d214bf0c85.jpg,0,446.2666320800781,466.6915283203125,601.853515625,743.4677734375,0.7851462960243225
SeieeDept-016_00125_jpg.rf.5a848cddff6b7b7b4a3b90d214bf0c85.jpg,0,520.49658203125,411.5547790527344,625.2854614257812,701.1031494140625,0.7604489326477051
SeieeDept-019_00867_jpg.rf.625de661c30671563227dee1f82447b0.jpg,0,1314.201904296875,442.400146484375,1423.986572265625,652.9198608398438,0.8325446248054504
SeieeDept-019_00867_jpg.rf.625de661c30671563227dee1f82447b0.jpg,0,495.8780517578125,276.9188537597656,525.0303955078125,349.9851989746094,0.6145694255828857
SeieeDept-020_00120_jpg.rf.12b662958bde222b5f2451fd5f06072b.jpg,0,1136.9874267578125,426.2066345214844,1230.0220947265625,622.7774658203125,0.8374057412147522
SeieeDept-020_00120_jpg.rf.12b662958bde222b5f2451fd5f06072b.jpg,0,987.9404296875,348.248779296875,1056.1265869140625,447.19976806640625,0.7156456708908081
SeieeDept-022_00659_jpg.rf.221f2ae6b486765484fac5beb3aeb253.jpg,0,487.5777893066406,270.4290771484375,518.911865234375,350.1411437988281,0.6671786904335022
SeieeDept-022_00659_jpg.rf.221f2ae6b486765484fac5beb3aeb253.jpg,0,650.3780517578125,291.12890625,692.7275390625,392.5740661621094,0.6611796617507935
SeieeDept-024_00386_jpg.rf.fba1765baa58d11fce5a0bc085747f12.jpg,0,1059.986083984375,373.9494934082031,1134.3397216796875,558.8408203125,0.8011981248855591
SeieeDept-024_00386_jpg.rf.fba1765baa58d11fce5a0bc085747f12.jpg,0,606.8458251953125,295.9122314453125,651.6345825195312,412.2599182128906,0.7900940179824829
SeieeDept-024_00386_jpg.rf.fba1765baa58d11fce5a0bc085747f12.jpg,0,909.5592651367188,357.3927307128906,978.2500610351562,555.2279663085938,0.7692067623138428
SeieeDept-024_00386_jpg.rf.fba1765baa58d11fce5a0bc085747f12.jpg,0,650.0289306640625,296.4576416015625,692.97900390625,409.4223937988281,0.7462894320487976
SeieeDept-024_00386_jpg.rf.fba1765baa58d11fce5a0bc085747f12.jpg,0,1117.626708984375,347.9329833984375,1169.9171142578125,516.64453125,0.5580474734306335
SeieeDept-024_00386_jpg.rf.fba1765baa58d11fce5a0bc085747f12.jpg,0,1129.0997314453125,347.510009765625,1165.430908203125,422.01080322265625,0.3712890148162842
SeieeDept-024_00386_jpg.rf.fba1765baa58d11fce5a0bc085747f12.jpg,0,1127.4818115234375,349.0238342285156,1167.85791015625,470.15191650390625,0.2932235896587372
SeieeDept-025_01468_jpg.rf.299df6a4df9d5330824b9cba1d589eac.jpg,0,920.2236938476562,259.5597839355469,1017.5208129882812,545.0325317382812,0.842525839805603
SeieeDept-025_01468_jpg.rf.299df6a4df9d5330824b9cba1d589eac.jpg,0,1079.698974609375,281.6778259277344,1215.214599609375,593.69921875,0.7650830745697021
SeieeDept-028_00395_jpg.rf.54e7ead472cda83b00e557b9843e7bc3.jpg,0,291.47930908203125,242.82505798339844,388.68218994140625,470.6988525390625,0.8332962989807129
SeieeDept-033_00311_jpg.rf.243842aa52fddcb50dcc9da7ca8a5a1d.jpg,0,619.0691528320312,149.89988708496094,733.0997314453125,382.3692626953125,0.8172169327735901
SeieeDept-036_00218_jpg.rf.a0ab951e01f3d19b61039342d11eafac.jpg,0,1124.1092529296875,369.0321960449219,1264.666748046875,713.2305908203125,0.8881173133850098
SeieeDept-037_00796_jpg.rf.8bae9cd2202a07c814e28888d6b98f63.jpg,0,332.7613525390625,153.75010681152344,403.6382141113281,292.73297119140625,0.4301280677318573
fhrailway210421_jpg.rf.a6e27fe087996df816f47b1a667a7bd3.jpg,0,548.2091064453125,296.4616394042969,652.9282836914062,526.6680908203125,0.8109035491943359
fhrailway210421_jpg.rf.a6e27fe087996df816f47b1a667a7bd3.jpg,0,292.48284912109375,250.65013122558594,340.4092102050781,330.3677062988281,0.6700905561447144
fhrailway210421_jpg.rf.a6e27fe087996df816f47b1a667a7bd3.jpg,0,242.630126953125,251.8380584716797,314.3599548339844,338.9842224121094,0.6565170884132385
fhrailway210421_jpg.rf.a6e27fe087996df816f47b1a667a7bd3.jpg,0,533.24609375,224.4271697998047,611.2063598632812,305.8221435546875,0.3240654468536377
fhrailway210421_jpg.rf.a6e27fe087996df816f47b1a667a7bd3.jpg,0,265.5010070800781,249.69432067871094,339.14794921875,334.4442443847656,0.2790363132953644
image00800_jpg.rf.64d0d05c329e06a379221f0f9c23f4e4.jpg,0,257.91363525390625,120.6552734375,305.5755615234375,264.4443359375,0.830945611000061
image00800_jpg.rf.64d0d05c329e06a379221f0f9c23f4e4.jpg,0,264.7416076660156,343.2297058105469,317.4909973144531,406.0202941894531,0.8225722312927246
image00800_jpg.rf.64d0d05c329e06a379221f0f9c23f4e4.jpg,0,614.6264038085938,185.3587188720703,670.7899169921875,328.21063232421875,0.8168752789497375
image00800_jpg.rf.64d0d05c329e06a379221f0f9c23f4e4.jpg,0,371.99810791015625,162.07037353515625,420.128662109375,302.3785705566406,0.8167901039123535
image00800_jpg.rf.64d0d05c329e06a379221f0f9c23f4e4.jpg,0,215.01869201660156,145.69827270507812,258.1955871582031,275.4297790527344,0.8151880502700806
image00800_jpg.rf.64d0d05c329e06a379221f0f9c23f4e4.jpg,0,537.6129150390625,318.5883483886719,586.0781860351562,406.2139892578125,0.8064161539077759
image00800_jpg.rf.64d0d05c329e06a379221f0f9c23f4e4.jpg,0,501.68695068359375,322.06927490234375,544.9307861328125,405.8123779296875,0.7962026596069336
image00800_jpg.rf.64d0d05c329e06a379221f0f9c23f4e4.jpg,0,174.2729949951172,321.14630126953125,226.41995239257812,406.22821044921875,0.7923905849456787
image00800_jpg.rf.64d0d05c329e06a379221f0f9c23f4e4.jpg,0,484.0146179199219,175.99411010742188,530.1369018554688,301.8430480957031,0.7711924314498901
image00800_jpg.rf.64d0d05c329e06a379221f0f9c23f4e4.jpg,0,173.40277099609375,224.11752319335938,230.90501403808594,329.3486328125,0.7671256065368652
image00800_jpg.rf.64d0d05c329e06a379221f0f9c23f4e4.jpg,0,446.5489807128906,143.4750518798828,492.06878662109375,292.35162353515625,0.7610481977462769
image00800_jpg.rf.64d0d05c329e06a379221f0f9c23f4e4.jpg,0,85.87957763671875,270.62725830078125,137.1563262939453,393.2629699707031,0.7560980319976807
image00800_jpg.rf.64d0d05c329e06a379221f0f9c23f4e4.jpg,0,70.02169036865234,5.633583068847656,125.04712677001953,125.52477264404297,0.7450462579727173
image00800_jpg.rf.64d0d05c329e06a379221f0f9c23f4e4.jpg,0,17.219518661499023,9.516168594360352,66.48802947998047,105.37555694580078,0.7378190755844116
image00800_jpg.rf.64d0d05c329e06a379221f0f9c23f4e4.jpg,0,197.15257263183594,0.0,246.08636474609375,112.26336669921875,0.7367168664932251
image00800_jpg.rf.64d0d05c329e06a379221f0f9c23f4e4.jpg,0,176.7498321533203,133.44100952148438,217.7845916748047,238.1365966796875,0.7247658371925354
image00800_jpg.rf.64d0d05c329e06a379221f0f9c23f4e4.jpg,0,39.9652214050293,234.4335174560547,95.52617645263672,317.0386047363281,0.7241694927215576
image00800_jpg.rf.64d0d05c329e06a379221f0f9c23f4e4.jpg,0,662.5419311523438,142.196044921875,708.8649291992188,286.1859436035156,0.7224897146224976
image00800_jpg.rf.64d0d05c329e06a379221f0f9c23f4e4.jpg,0,337.4110107421875,117.99185943603516,379.3829040527344,245.58123779296875,0.721604585647583
image00800_jpg.rf.64d0d05c329e06a379221f0f9c23f4e4.jpg,0,413.6282958984375,158.81163024902344,448.2367248535156,289.0116882324219,0.7146937847137451
image00800_jpg.rf.64d0d05c329e06a379221f0f9c23f4e4.jpg,0,546.181396484375,171.17433166503906,597.9266967773438,318.51129150390625,0.6909621953964233
image00800_jpg.rf.64d0d05c329e06a379221f0f9c23f4e4.jpg,0,502.0815124511719,59.112281799316406,538.8320922851562,190.24952697753906,0.674290657043457
image00800_jpg.rf.64d0d05c329e06a379221f0f9c23f4e4.jpg,0,218.4882354736328,101.5870361328125,255.40614318847656,148.67996215820312,0.6595214605331421
image00800_jpg.rf.64d0d05c329e06a379221f0f9c23f4e4.jpg,0,635.1102905273438,0.0,677.2161865234375,100.36920166015625,0.6373893618583679
image00800_jpg.rf.64d0d05c329e06a379221f0f9c23f4e4.jpg,0,361.9861755371094,0.0,393.6492004394531,94.22557830810547,0.5787814855575562
image00800_jpg.rf.64d0d05c329e06a379221f0f9c23f4e4.jpg,0,0.8261032104492188,175.07118225097656,50.29543685913086,294.5606994628906,0.576425313949585
image00800_jpg.rf.64d0d05c329e06a379221f0f9c23f4e4.jpg,0,375.0659484863281,115.73796081542969,414.69500732421875,176.01828002929688,0.5290632247924805
image00800_jpg.rf.64d0d05c329e06a379221f0f9c23f4e4.jpg,0,331.63909912109375,3.851806640625,371.3685607910156,90.80804443359375,0.5078274607658386
image00800_jpg.rf.64d0d05c329e06a379221f0f9c23f4e4.jpg,0,154.9940185546875,0.0,200.4468994140625,91.80786895751953,0.48843541741371155
image00800_jpg.rf.64d0d05c329e06a379221f0f9c23f4e4.jpg,0,267.6129455566406,0.0,325.9184875488281,76.06964111328125,0.48289167881011963
image00800_jpg.rf.64d0d05c329e06a379221f0f9c23f4e4.jpg,0,588.7530517578125,115.6709976196289,632.666259765625,165.6423797607422,0.4145090579986572
image00800_jpg.rf.64d0d05c329e06a379221f0f9c23f4e4.jpg,0,589.1881103515625,115.60050964355469,635.845947265625,187.4950408935547,0.3797603249549866
image00800_jpg.rf.64d0d05c329e06a379221f0f9c23f4e4.jpg,0,116.85901641845703,0.0,160.16978454589844,100.36920166015625,0.3496147096157074
image00800_jpg.rf.64d0d05c329e06a379221f0f9c23f4e4.jpg,0,522.0078735351562,12.892387390136719,565.6533203125,71.43221282958984,0.32940101623535156
image00800_jpg.rf.64d0d05c329e06a379221f0f9c23f4e4.jpg,0,14.080406188964844,109.9589614868164,62.21092224121094,219.94288635253906,0.3116130232810974
image00800_jpg.rf.64d0d05c329e06a379221f0f9c23f4e4.jpg,0,550.5176391601562,171.5453338623047,590.5482177734375,211.64295959472656,0.30021780729293823
image00800_jpg.rf.64d0d05c329e06a379221f0f9c23f4e4.jpg,0,416.298828125,65.40473175048828,463.6260070800781,141.98513793945312,0.29192402958869934
image00800_jpg.rf.64d0d05c329e06a379221f0f9c23f4e4.jpg,0,539.1525268554688,77.3130874633789,581.3253173828125,176.98812866210938,0.2763586640357971
image00800_jpg.rf.64d0d05c329e06a379221f0f9c23f4e4.jpg,0,364.9095153808594,0.0,402.46337890625,102.51840209960938,0.27174532413482666
image00800_jpg.rf.64d0d05c329e06a379221f0f9c23f4e4.jpg,0,42.63145065307617,348.30224609375,91.13014221191406,408.0,0.2703893482685089
image00800_jpg.rf.64d0d05c329e06a379221f0f9c23f4e4.jpg,0,587.201904296875,153.05471801757812,631.2491455078125,311.30303955078125,0.2644873857498169
image03450_jpg.rf.0b13d273467e18729b68b43b4e49a7d2.jpg,0,66.89083862304688,160.3217010498047,117.77743530273438,284.3619384765625,0.8440135717391968
image03450_jpg.rf.0b13d273467e18729b68b43b4e49a7d2.jpg,0,448.51416015625,86.31562805175781,492.9145812988281,220.72044372558594,0.8430660963058472
image03450_jpg.rf.0b13d273467e18729b68b43b4e49a7d2.jpg,0,638.8912353515625,249.46490478515625,695.127197265625,387.213134765625,0.8144217729568481
image03450_jpg.rf.0b13d273467e18729b68b43b4e49a7d2.jpg,0,491.6690673828125,90.06023406982422,541.6864013671875,220.51983642578125,0.811824381351471
image03450_jpg.rf.0b13d273467e18729b68b43b4e49a7d2.jpg,0,566.6906127929688,206.4187469482422,620.1182250976562,284.1194152832031,0.8096737861633301
image03450_jpg.rf.0b13d273467e18729b68b43b4e49a7d2.jpg,0,215.83908081054688,14.62057113647461,259.1026916503906,130.56979370117188,0.7929443120956421
image03450_jpg.rf.0b13d273467e18729b68b43b4e49a7d2.jpg,0,503.9184265136719,331.507568359375,551.9965209960938,406.26611328125,0.7837905883789062
image03450_jpg.rf.0b13d273467e18729b68b43b4e49a7d2.jpg,0,122.24068450927734,75.9885482788086,173.72911071777344,204.2415008544922,0.7807043194770813
image03450_jpg.rf.0b13d273467e18729b68b43b4e49a7d2.jpg,0,511.8088684082031,231.3186492919922,557.07861328125,334.89727783203125,0.7765499353408813
image03450_jpg.rf.0b13d273467e18729b68b43b4e49a7d2.jpg,0,81.14623260498047,0.5657958984375,130.36111450195312,122.06507110595703,0.7644925117492676
image03450_jpg.rf.0b13d273467e18729b68b43b4e49a7d2.jpg,0,447.1893615722656,244.51666259765625,504.82958984375,377.4503479003906,0.7470824122428894
image03450_jpg.rf.0b13d273467e18729b68b43b4e49a7d2.jpg,0,588.5689697265625,276.54644775390625,635.5103759765625,367.48699951171875,0.7160240411758423
image03450_jpg.rf.0b13d273467e18729b68b43b4e49a7d2.jpg,0,667.1221313476562,359.6590576171875,716.8050537109375,405.9317321777344,0.6758825778961182
image03450_jpg.rf.0b13d273467e18729b68b43b4e49a7d2.jpg,0,0.0,86.20691680908203,35.94782638549805,214.86105346679688,0.6752080917358398
image03450_jpg.rf.0b13d273467e18729b68b43b4e49a7d2.jpg,0,120.7027359008789,213.99986267089844,169.98448181152344,332.5569152832031,0.6131062507629395
image03450_jpg.rf.0b13d273467e18729b68b43b4e49a7d2.jpg,0,391.5459289550781,356.53607177734375,429.6272888183594,406.0852966308594,0.586356520652771
image03450_jpg.rf.0b13d273467e18729b68b43b4e49a7d2.jpg,0,427.5595397949219,355.30010986328125,470.15447998046875,405.7186279296875,0.5625885128974915
image03450_jpg.rf.0b13d273467e18729b68b43b4e49a7d2.jpg,0,687.3287353515625,235.61073303222656,719.8934326171875,368.2100830078125,0.53580641746521
image03450_jpg.rf.0b13d273467e18729b68b43b4e49a7d2.jpg,0,27.01249122619629,351.5555419921875,67.46766662597656,405.5849304199219,0.47043344378471375
image03450_jpg.rf.0b13d273467e18729b68b43b4e49a7d2.jpg,0,150.9395751953125,193.31260681152344,200.02072143554688,318.69024658203125,0.42866742610931396
image03450_jpg.rf.0b13d273467e18729b68b43b4e49a7d2.jpg,0,154.96414184570312,194.5037384033203,202.70794677734375,277.08575439453125,0.3916744887828827
image03450_jpg.rf.0b13d273467e18729b68b43b4e49a7d2.jpg,0,632.1251220703125,0.0,673.9176635742188,98.75750732421875,0.3897213041782379
img96579619077_jpg.rf.5be8c70e4263f8729076c01fc9b0e398.jpg,0,393.9051513671875,333.90570068359375,593.5333251953125,639.7417602539062,0.9008333683013916
img96579619077_jpg.rf.5be8c70e4263f8729076c01fc9b0e398.jpg,0,226.4146728515625,426.3225402832031,341.8580322265625,640.0,0.7576935291290283
img96579619077_jpg.rf.5be8c70e4263f8729076c01fc9b0e398.jpg,0,2.2962799072265625,326.4462890625,155.0366973876953,640.0,0.541787326335907
img965796231221_jpg.rf.6d636da5e701fd05866a196dbfba949d.jpg,0,148.02883911132812,0.8302001953125,323.4573974609375,373.19573974609375,0.7021902203559875
img965796231221_jpg.rf.6d636da5e701fd05866a196dbfba949d.jpg,0,0.0,0.0,109.61283111572266,425.9200439453125,0.6741520166397095
img965796231221_jpg.rf.6d636da5e701fd05866a196dbfba949d.jpg,0,47.771949768066406,0.0,221.96823120117188,384.1353454589844,0.5034657120704651
img965796231221_jpg.rf.6d636da5e701fd05866a196dbfba949d.jpg,0,226.36781311035156,2.174468994140625,328.6451416015625,372.299560546875,0.32632675766944885
img965796231221_jpg.rf.6d636da5e701fd05866a196dbfba949d.jpg,0,0.0,2.139801025390625,79.18115997314453,418.0824279785156,0.2901841402053833
img965796231221_jpg.rf.6d636da5e701fd05866a196dbfba949d.jpg,0,68.19888305664062,1.355621337890625,193.2169189453125,406.3199768066406,0.2736589312553406
img965796259880_jpg.rf.5d9d852eedab16f7c06842e2da009eab.jpg,0,348.58343505859375,2.32373046875,639.9802856445312,455.56951904296875,0.6702156662940979
img965796259880_jpg.rf.5d9d852eedab16f7c06842e2da009eab.jpg,0,547.0272216796875,53.62261962890625,639.6923828125,640.0,0.5447084307670593
img965796259880_jpg.rf.5d9d852eedab16f7c06842e2da009eab.jpg,0,427.8896484375,1.564483642578125,633.1502685546875,448.6249694824219,0.49045249819755554
img96579629246_jpg.rf.b31430471cc765a77794408ea1f2897a.jpg,0,57.039764404296875,306.58563232421875,216.62887573242188,639.9548950195312,0.8580358028411865
img96579629246_jpg.rf.b31430471cc765a77794408ea1f2897a.jpg,0,186.71343994140625,330.2574462890625,251.41497802734375,602.5330810546875,0.7623400688171387
img96579629246_jpg.rf.b31430471cc765a77794408ea1f2897a.jpg,0,485.900390625,375.6041259765625,522.8812866210938,501.51959228515625,0.37792545557022095
img96579629246_jpg.rf.b31430471cc765a77794408ea1f2897a.jpg,0,291.01910400390625,370.14215087890625,394.02447509765625,548.7328491210938,0.2543085217475891
img965796338647_jpg.rf.dbad5c1c24678b6e825830094deba5ea.jpg,0,369.12255859375,0.680908203125,637.877197265625,630.5570678710938,0.5628480911254883
img965796338647_jpg.rf.dbad5c1c24678b6e825830094deba5ea.jpg,0,282.1744384765625,1.980499267578125,395.96942138671875,384.7557373046875,0.4952233135700226
img965796338647_jpg.rf.dbad5c1c24678b6e825830094deba5ea.jpg,0,41.8455810546875,5.358642578125,463.07879638671875,639.8587646484375,0.35121652483940125
img965796338647_jpg.rf.dbad5c1c24678b6e825830094deba5ea.jpg,0,328.212890625,0.0,615.6890869140625,537.9889526367188,0.28689247369766235
img970324104918_jpg.rf.3c37a69ab7278eca7c40242de7b8c47e.jpg,0,309.852783203125,221.69830322265625,561.6495361328125,640.0,0.9356382489204407
img970324104918_jpg.rf.3c37a69ab7278eca7c40242de7b8c47e.jpg,0,222.21075439453125,424.0533142089844,294.30340576171875,618.7620849609375,0.6925114393234253
img970324112851_jpg.rf.55ccaa5ce2b3acf46032139e0cb26ad0.jpg,0,294.4462890625,214.42431640625,544.2662963867188,640.0,0.940321147441864
img970324112851_jpg.rf.55ccaa5ce2b3acf46032139e0cb26ad0.jpg,0,205.73846435546875,419.22003173828125,272.07208251953125,620.0532836914062,0.8510234951972961
img970324131140_jpg.rf.35177850ae0eaaae37eef156b25d276f.jpg,0,206.7128448486328,250.74163818359375,240.35118103027344,363.5118408203125,0.7467738389968872
img970324131140_jpg.rf.35177850ae0eaaae37eef156b25d276f.jpg,0,263.6480407714844,251.14730834960938,309.2583312988281,368.8230895996094,0.6389778256416321
img970324147516_jpg.rf.b11e94c6734ce7f2b24647b095ced333.jpg,0,0.0,121.0145263671875,168.32919311523438,637.0726318359375,0.8476775884628296
img970324147516_jpg.rf.b11e94c6734ce7f2b24647b095ced333.jpg,0,303.8482666015625,152.8040313720703,576.487060546875,640.0,0.8246260285377502
img970324147516_jpg.rf.b11e94c6734ce7f2b24647b095ced333.jpg,0,259.30303955078125,262.2181396484375,321.99847412109375,460.02508544921875,0.6781959533691406
img970324147516_jpg.rf.b11e94c6734ce7f2b24647b095ced333.jpg,0,300.91357421875,233.56036376953125,423.3134765625,568.779541015625,0.6383594274520874
img970324147516_jpg.rf.b11e94c6734ce7f2b24647b095ced333.jpg,0,302.33319091796875,142.43109130859375,502.843505859375,571.0607299804688,0.6316192150115967
img970324147516_jpg.rf.b11e94c6734ce7f2b24647b095ced333.jpg,0,171.53311157226562,219.58209228515625,247.11273193359375,517.5291137695312,0.3116438090801239
img970324147516_jpg.rf.b11e94c6734ce7f2b24647b095ced333.jpg,0,198.6966552734375,220.46810913085938,260.81689453125,388.4228210449219,0.30819401144981384
img970324156884_jpg.rf.f3aa6d44ad030c087716555a18a1061a.jpg,0,367.93902587890625,190.66795349121094,471.3670654296875,640.0,0.7788345813751221
img970324156884_jpg.rf.f3aa6d44ad030c087716555a18a1061a.jpg,0,0.0,0.0,328.93511962890625,640.0,0.763782799243927
img970324156884_jpg.rf.f3aa6d44ad030c087716555a18a1061a.jpg,0,442.823974609375,228.2747802734375,602.200927734375,638.88525390625,0.6240492463111877
img970324156884_jpg.rf.f3aa6d44ad030c087716555a18a1061a.jpg,0,595.4887084960938,172.68370056152344,639.8661499023438,638.52734375,0.3995726406574249
img970324156884_jpg.rf.f3aa6d44ad030c087716555a18a1061a.jpg,0,551.1112060546875,221.4166717529297,639.6275634765625,636.4409790039062,0.27348676323890686
img970324160410_jpg.rf.b5b7e2f2457e65b1c1779102fa4b1438.jpg,0,111.98886108398438,3.4010009765625,396.7485656738281,639.1678466796875,0.652449905872345
img970324160410_jpg.rf.b5b7e2f2457e65b1c1779102fa4b1438.jpg,0,334.3052978515625,44.765869140625,591.5487060546875,639.836181640625,0.650732696056366
img970324160410_jpg.rf.b5b7e2f2457e65b1c1779102fa4b1438.jpg,0,0.0,26.72991943359375,163.38375854492188,639.7205810546875,0.5993044376373291
img970324160410_jpg.rf.b5b7e2f2457e65b1c1779102fa4b1438.jpg,0,473.4296875,97.62725830078125,607.5430908203125,639.283447265625,0.4544312655925751
img970324160410_jpg.rf.b5b7e2f2457e65b1c1779102fa4b1438.jpg,0,0.0,28.720703125,108.83883666992188,640.0,0.2709513306617737
img970324160410_jpg.rf.b5b7e2f2457e65b1c1779102fa4b1438.jpg,0,574.0543212890625,87.58294677734375,639.492431640625,638.3727416992188,0.2517005205154419
img97032447377_jpg.rf.eed70060981da649dc939b11b1bdaade.jpg,0,292.2279968261719,257.66729736328125,360.6178283691406,478.12786865234375,0.8604284524917603
img97032447377_jpg.rf.eed70060981da649dc939b11b1bdaade.jpg,0,359.3646240234375,299.1524658203125,392.46734619140625,388.5465087890625,0.4080314338207245
img97032447377_jpg.rf.eed70060981da649dc939b11b1bdaade.jpg,0,386.42205810546875,303.3502197265625,413.02740478515625,383.698486328125,0.3406924307346344
img97032459353_jpg.rf.025ae84a04517eb042032576da848f47.jpg,0,42.227439880371094,210.29840087890625,120.63655853271484,392.4896240234375,0.6781057119369507
img97032459353_jpg.rf.025ae84a04517eb042032576da848f47.jpg,0,0.04457855224609375,179.0794219970703,56.576290130615234,396.94952392578125,0.6288970708847046
img97032459353_jpg.rf.025ae84a04517eb042032576da848f47.jpg,0,200.66046142578125,255.193359375,257.25244140625,428.88671875,0.5009822845458984
img97032459353_jpg.rf.025ae84a04517eb042032576da848f47.jpg,0,0.28565216064453125,185.10874938964844,34.51807403564453,398.3984375,0.47526854276657104
img97032459353_jpg.rf.025ae84a04517eb042032576da848f47.jpg,0,276.9841003417969,306.32977294921875,342.5560607910156,501.23760986328125,0.3018389344215393
img97032464826_jpg.rf.1a381a9114d8be55a5e3843b5cb00c77.jpg,0,121.70321655273438,236.6917724609375,253.87301635742188,639.7501220703125,0.8959043025970459
img97032464826_jpg.rf.1a381a9114d8be55a5e3843b5cb00c77.jpg,0,0.0,295.25408935546875,43.48341751098633,496.96185302734375,0.7072654962539673
img97032464826_jpg.rf.1a381a9114d8be55a5e3843b5cb00c77.jpg,0,281.8596496582031,327.07550048828125,339.3713684082031,537.3564453125,0.699059247970581
img97032464826_jpg.rf.1a381a9114d8be55a5e3843b5cb00c77.jpg,0,25.21992301940918,303.723388671875,77.61154174804688,490.07086181640625,0.33914875984191895
img97032485840_jpg.rf.ad1f346f60b8fa1dd811b11d1e8c0bcb.jpg,0,461.3524169921875,231.640380859375,640.0,640.0,0.8777930736541748
img97032485840_jpg.rf.ad1f346f60b8fa1dd811b11d1e8c0bcb.jpg,0,380.17352294921875,435.8404541015625,439.963623046875,634.4229736328125,0.25126591324806213
img97032488074_jpg.rf.c797928db0e7ec32c392bd17727d7ecd.jpg,0,325.4246826171875,267.51153564453125,588.6488037109375,639.2282104492188,0.8896028995513916
img97032488074_jpg.rf.c797928db0e7ec32c392bd17727d7ecd.jpg,0,225.38800048828125,460.7769775390625,297.50958251953125,638.6844482421875,0.2940882444381714
img97032495912_jpg.rf.c4345b304120fb056382c4d94af26355.jpg,0,405.0850830078125,256.750244140625,632.486328125,640.0,0.9173413515090942
img97032495912_jpg.rf.c4345b304120fb056382c4d94af26355.jpg,0,234.03683471679688,415.19970703125,309.3435363769531,611.8402099609375,0.33142757415771484
img97032495912_jpg.rf.c4345b304120fb056382c4d94af26355.jpg,0,403.3080749511719,356.9183349609375,486.8176574707031,640.0,0.2907920479774475
img9703249975_jpg.rf.acf2227e98b30f9b045fdfc3115a203b.jpg,0,1.4348602294921875,21.85791015625,226.58384704589844,639.2401123046875,0.8723627328872681
img9703249975_jpg.rf.acf2227e98b30f9b045fdfc3115a203b.jpg,0,272.3593444824219,281.0767822265625,337.8895568847656,454.4415283203125,0.8030849695205688
img9703249975_jpg.rf.acf2227e98b30f9b045fdfc3115a203b.jpg,0,0.001285552978515625,63.05586242675781,30.811147689819336,152.22671508789062,0.36137938499450684
img973602114464_jpg.rf.f5117635d8f823a2638fea188b179f59.jpg,0,139.649169921875,171.2288055419922,277.1864013671875,546.8937377929688,0.8731343150138855
img973602114464_jpg.rf.f5117635d8f823a2638fea188b179f59.jpg,0,485.92706298828125,7.7698974609375,640.0,639.20166015625,0.5736303329467773
img973602114464_jpg.rf.f5117635d8f823a2638fea188b179f59.jpg,0,531.7523193359375,12.1207275390625,640.0,639.6194458007812,0.52977454662323
img973602115596_jpg.rf.05974abb7375bca198ae676a7b6f0abc.jpg,0,177.49563598632812,1.581298828125,373.7077941894531,519.76611328125,0.8532004952430725
img973602142009_jpg.rf.4b94cd0e2fba0c038a5c956d8f4d920e.jpg,0,244.16122436523438,376.175048828125,386.6574401855469,638.5453491210938,0.8378750085830688
img973602142009_jpg.rf.4b94cd0e2fba0c038a5c956d8f4d920e.jpg,0,146.24636840820312,387.48614501953125,337.9515686035156,639.0117797851562,0.5885726809501648
img973602142009_jpg.rf.4b94cd0e2fba0c038a5c956d8f4d920e.jpg,0,61.35498046875,386.03765869140625,333.8702392578125,639.1958618164062,0.588088870048523
img973602142009_jpg.rf.4b94cd0e2fba0c038a5c956d8f4d920e.jpg,0,191.2359619140625,401.23370361328125,325.16143798828125,594.5714721679688,0.2555656433105469
img973602167702_jpg.rf.a85bdd91a7bc2bc72ab26b3e702f89bc.jpg,0,80.6456298828125,222.53741455078125,226.589111328125,448.90606689453125,0.9100031852722168
img973602167702_jpg.rf.a85bdd91a7bc2bc72ab26b3e702f89bc.jpg,0,78.50399780273438,219.57652282714844,229.85723876953125,544.8837890625,0.3934033513069153
img973602181894_jpg.rf.3676e9edf5f3b219bb17f1897b00a5c2.jpg,0,39.865234375,69.7493896484375,576.0478515625,636.682373046875,0.6051249504089355
img973602181894_jpg.rf.3676e9edf5f3b219bb17f1897b00a5c2.jpg,0,420.048828125,86.8072509765625,639.0911865234375,638.3651123046875,0.3737643361091614
img973602184261_jpg.rf.4a57e62bf14677ee64f916f54c8ede70.jpg,0,145.12347412109375,21.89892578125,616.3790283203125,640.0,0.7225496768951416
img97360220604_jpg.rf.fc5beb509f049110dd232c74dd3b4d5b.jpg,0,0.0,335.776123046875,148.98092651367188,640.0,0.5864242315292358
img97360220604_jpg.rf.fc5beb509f049110dd232c74dd3b4d5b.jpg,0,0.0,173.70298767089844,63.207969665527344,533.9493408203125,0.4949912428855896
img97360220604_jpg.rf.fc5beb509f049110dd232c74dd3b4d5b.jpg,0,0.0,209.11683654785156,153.72579956054688,639.3199462890625,0.45520132780075073
img9736025802_jpg.rf.d0c0c63c967dd79a7557ce0a0ceb8909.jpg,0,56.1669921875,5.20697021484375,590.4342651367188,640.0,0.7947862148284912
img9736025802_jpg.rf.d0c0c63c967dd79a7557ce0a0ceb8909.jpg,0,603.9933471679688,351.65234375,640.0,490.296630859375,0.3108728229999542
img97360289651_jpg.rf.c71635e1d28658984415c117c6e3631a.jpg,0,0.185699462890625,402.92962646484375,106.08467102050781,639.2623901367188,0.460777223110199
img97360298612_jpg.rf.39f87d4a4964260d2c39a93b5a6124da.jpg,0,258.1737060546875,256.34906005859375,483.9403076171875,640.0,0.8684977293014526
mn-subway-tracks-rescuejpg_jpg.rf.b59b56f297678c94fef06a0b5ec2fedd.jpg,0,276.6739501953125,201.49197387695312,371.6644287109375,311.4872131347656,0.7249430418014526
mn-subway-tracks-rescuejpg_jpg.rf.b59b56f297678c94fef06a0b5ec2fedd.jpg,0,474.81573486328125,1.6295318603515625,634.7872924804688,359.734375,0.6750760078430176
mn-subway-tracks-rescuejpg_jpg.rf.b59b56f297678c94fef06a0b5ec2fedd.jpg,0,621.8392944335938,85.27081298828125,640.0,251.3270263671875,0.2747473120689392
opencv_frame_15450_png_jpg.rf.09928a1ef1a83373bf052c22e673f9b9.jpg,0,294.9006042480469,107.74549102783203,338.1348571777344,353.5596923828125,0.8330801725387573
opencv_frame_18790_png_jpg.rf.7790fb16d5749b0c719d5df9c8be802b.jpg,0,291.820556640625,87.11904907226562,344.2501220703125,354.0227355957031,0.8596269488334656
opencv_frame_18790_png_jpg.rf.7790fb16d5749b0c719d5df9c8be802b.jpg,0,156.0452880859375,116.69406127929688,194.7294921875,382.6697998046875,0.750531792640686
opencv_frame_18790_png_jpg.rf.7790fb16d5749b0c719d5df9c8be802b.jpg,0,42.18574523925781,174.0714569091797,90.55551147460938,486.32904052734375,0.6667956113815308
opencv_frame_18790_png_jpg.rf.d23f3cb16b3f2dc2873164f473a9284c.jpg,0,272.3164367675781,84.73599243164062,343.1315612792969,356.4106750488281,0.8447964191436768
opencv_frame_18790_png_jpg.rf.d23f3cb16b3f2dc2873164f473a9284c.jpg,0,136.98666381835938,130.28977966308594,199.88088989257812,390.6151123046875,0.8335886001586914
opencv_frame_18790_png_jpg.rf.d23f3cb16b3f2dc2873164f473a9284c.jpg,0,29.873779296875,197.91644287109375,108.37333679199219,507.06756591796875,0.7451920509338379
opencv_frame_18790_png_jpg.rf.d23f3cb16b3f2dc2873164f473a9284c.jpg,0,29.793777465820312,194.17510986328125,109.47555541992188,636.2080078125,0.5414899587631226
opencv_frame_18830_png_jpg.rf.03a748956730a33fa03a4f251bdebd93.jpg,0,305.28704833984375,75.50839233398438,376.67388916015625,464.3412170410156,0.8226825594902039
opencv_frame_18830_png_jpg.rf.03a748956730a33fa03a4f251bdebd93.jpg,0,137.227783203125,191.605224609375,184.36444091796875,374.0447998046875,0.8071490526199341
opencv_frame_18830_png_jpg.rf.66872b2a782f32cf2107d823255b1bf3.jpg,0,303.61956787109375,77.69305419921875,385.43634033203125,465.926513671875,0.843346357345581
opencv_frame_18830_png_jpg.rf.66872b2a782f32cf2107d823255b1bf3.jpg,0,137.5509796142578,182.1563720703125,195.7128448486328,361.88507080078125,0.8248938322067261
opencv_frame_19420_png_jpg.rf.c006cd75ea418f818806e983316d3cc9.jpg,0,99.08169555664062,86.10791015625,259.7001953125,637.4168701171875,0.8632451295852661
opencv_frame_20050_png_jpg.rf.151f538d36eaa2b569b22f0261bb29bf.jpg,0,265.7071533203125,103.00164794921875,312.34375,361.2088623046875,0.8425880670547485
opencv_frame_20055_png_jpg.rf.5db3f7ae43e479f968c5834010b982d4.jpg,0,263.3453369140625,104.71820068359375,325.164306640625,386.31121826171875,0.8505336046218872
output1_mp4-23_jpg.rf.4385478c6be5bbcd0880056ec9570810.jpg,0,196.29779052734375,88.83181762695312,263.7615661621094,504.0027160644531,0.8259897232055664
output1_mp4-23_jpg.rf.4385478c6be5bbcd0880056ec9570810.jpg,0,288.059326171875,109.84929656982422,326.9256591796875,296.1806640625,0.7997453212738037
output1_mp4-23_jpg.rf.4385478c6be5bbcd0880056ec9570810.jpg,0,337.372802734375,97.55162811279297,365.1343994140625,253.1959228515625,0.7574982643127441
output1_mp4-43_jpg.rf.c06de22ee95c7189cac957ef948b4949.jpg,0,201.7979736328125,105.15969848632812,277.3715515136719,482.7901916503906,0.8045804500579834
output1_mp4-43_jpg.rf.c06de22ee95c7189cac957ef948b4949.jpg,0,313.8061828613281,98.70818328857422,363.2196350097656,327.7423095703125,0.7994464635848999
output1_mp4-43_jpg.rf.c06de22ee95c7189cac957ef948b4949.jpg,0,243.6103057861328,90.26435089111328,278.66839599609375,215.6666259765625,0.3503815531730652
output1_mp4-5_jpg.rf.1fca97f0bc58719d47249af81d4a2dc5.jpg,0,228.63478088378906,113.68165588378906,289.2774658203125,458.315185546875,0.8390492796897888
output1_mp4-5_jpg.rf.1fca97f0bc58719d47249af81d4a2dc5.jpg,0,351.87615966796875,118.1888427734375,368.81036376953125,250.1724853515625,0.5687031745910645
output1_mp4-7_jpg.rf.8f7dc4c5dc6f78d892ca8e3d1bd90a58.jpg,0,257.32025146484375,86.5897445678711,309.59002685546875,329.5701599121094,0.8349646925926208
output1_mp4-7_jpg.rf.8f7dc4c5dc6f78d892ca8e3d1bd90a58.jpg,0,162.87673950195312,106.84002685546875,259.5019226074219,475.50408935546875,0.8227993249893188
output1_mp4-7_jpg.rf.8f7dc4c5dc6f78d892ca8e3d1bd90a58.jpg,0,346.415771484375,121.57162475585938,379.78570556640625,264.0878601074219,0.7677351832389832
output_mp4-176_jpg.rf.4668742d364c15f935a04bb6a18728b2.jpg,0,308.71112060546875,105.49615478515625,387.6746826171875,428.43377685546875,0.8292455673217773
output_mp4-176_jpg.rf.4668742d364c15f935a04bb6a18728b2.jpg,0,516.984619140625,71.14007568359375,639.842529296875,638.516357421875,0.46328678727149963
output_mp4-176_jpg.rf.4668742d364c15f935a04bb6a18728b2.jpg,0,554.0941162109375,1.566162109375,639.9088134765625,635.4808349609375,0.42660653591156006
output_mp4-176_jpg.rf.4668742d364c15f935a04bb6a18728b2.jpg,0,578.1358032226562,155.5830078125,598.1089477539062,271.2994384765625,0.4205402135848999
output_mp4-179_jpg.rf.7b78e695e7275030082d6786755346d6.jpg,0,376.84686279296875,111.64454650878906,472.08502197265625,496.6551513671875,0.8395659327507019
output_mp4-20_jpg.rf.78d8c9c8a66aaf923b12fe1f22b197db.jpg,0,271.3921203613281,103.42764282226562,322.7287902832031,322.4447937011719,0.8075686693191528
output_mp4-20_jpg.rf.78d8c9c8a66aaf923b12fe1f22b197db.jpg,0,621.9056396484375,110.09652709960938,640.0,306.041015625,0.2825399935245514
output_mp4-22_jpg.rf.c03699c8b2b38f57e88bc4fcc6088d73.jpg,0,279.779296875,101.04418182373047,330.53875732421875,355.966796875,0.8162057399749756
output_mp4-25_jpg.rf.1fcd624b845db403d8166b190c843d8e.jpg,0,242.36888122558594,95.15765380859375,301.5130615234375,446.24517822265625,0.817186176776886
output_mp4-25_jpg.rf.1fcd624b845db403d8166b190c843d8e.jpg,0,332.2537841796875,183.41366577148438,351.14215087890625,240.96414184570312,0.7320214509963989
output_mp4-25_jpg.rf.1fcd624b845db403d8166b190c843d8e.jpg,0,352.57647705078125,184.75942993164062,366.97882080078125,237.32223510742188,0.5322645306587219
output_mp4-69_jpg.rf.aa9cbf9129efcdebd12aa72db9749796.jpg,0,546.5133056640625,154.91058349609375,587.7158203125,344.92633056640625,0.8403948545455933
output_mp4-69_jpg.rf.aa9cbf9129efcdebd12aa72db9749796.jpg,0,312.71136474609375,107.32381439208984,343.7608642578125,278.0368957519531,0.820480465888977
output_mp4-69_jpg.rf.aa9cbf9129efcdebd12aa72db9749796.jpg,0,344.8294677734375,122.078125,369.7398681640625,253.595703125,0.7782394886016846
output_mp4-76_jpg.rf.f036c19fbb1d0cc25a7ebe670ddb74df.jpg,0,335.4060974121094,111.4333267211914,364.0720520019531,247.11093139648438,0.7843389511108398
output_mp4-76_jpg.rf.f036c19fbb1d0cc25a7ebe670ddb74df.jpg,0,235.62838745117188,104.5042724609375,276.3022155761719,369.32574462890625,0.7498207092285156
output_mp4-76_jpg.rf.f036c19fbb1d0cc25a7ebe670ddb74df.jpg,0,602.461669921875,158.0206298828125,620.767822265625,289.46014404296875,0.5263453722000122
output_mp4-85_jpg.rf.01ce42a096f244457d67e01f19154aa4.jpg,0,286.32110595703125,93.77206420898438,333.32440185546875,296.4986877441406,0.8391968011856079
output_mp4-85_jpg.rf.01ce42a096f244457d67e01f19154aa4.jpg,0,211.65719604492188,97.4913330078125,304.2897033691406,572.3331298828125,0.8278870582580566
railway-759_jpg.rf.4f0077d899f9cf7c9693deb163ad23f6.jpg,0,343.31683349609375,207.84458923339844,408.9286193847656,291.2049865722656,0.8270295262336731
railway-759_jpg.rf.4f0077d899f9cf7c9693deb163ad23f6.jpg,0,507.5346984863281,177.47010803222656,535.6124267578125,238.46287536621094,0.7660243511199951
railway-759_jpg.rf.4f0077d899f9cf7c9693deb163ad23f6.jpg,0,293.6556091308594,227.17312622070312,346.7559814453125,311.2608947753906,0.7649347186088562
railway-759_jpg.rf.4f0077d899f9cf7c9693deb163ad23f6.jpg,0,158.94956970214844,175.85931396484375,211.0316619873047,243.72601318359375,0.7592785358428955
railway-759_jpg.rf.4f0077d899f9cf7c9693deb163ad23f6.jpg,0,152.4654998779297,257.94219970703125,212.6944580078125,349.52227783203125,0.7449772357940674
railway-759_jpg.rf.4f0077d899f9cf7c9693deb163ad23f6.jpg,0,89.01429748535156,233.2935028076172,144.8788604736328,313.6715393066406,0.7388485670089722
railway-759_jpg.rf.4f0077d899f9cf7c9693deb163ad23f6.jpg,0,558.3546142578125,56.61599349975586,579.776611328125,110.55294799804688,0.7315725684165955
railway-759_jpg.rf.4f0077d899f9cf7c9693deb163ad23f6.jpg,0,488.2738037109375,37.99448013305664,507.0771789550781,84.03910064697266,0.7049767971038818
railway-759_jpg.rf.4f0077d899f9cf7c9693deb163ad23f6.jpg,0,236.3043975830078,227.04803466796875,278.5665283203125,310.26300048828125,0.6759122014045715
railway-759_jpg.rf.4f0077d899f9cf7c9693deb163ad23f6.jpg,0,467.1322021484375,118.2796401977539,493.2460021972656,173.9987335205078,0.6527014374732971
railway-759_jpg.rf.4f0077d899f9cf7c9693deb163ad23f6.jpg,0,210.20083618164062,250.21131896972656,288.6876525878906,373.4334411621094,0.6487884521484375
railway-759_jpg.rf.4f0077d899f9cf7c9693deb163ad23f6.jpg,0,716.6338500976562,315.8128356933594,758.5322875976562,411.97552490234375,0.6407161951065063
railway-759_jpg.rf.4f0077d899f9cf7c9693deb163ad23f6.jpg,0,713.3551635742188,108.3349609375,735.61376953125,166.5999298095703,0.640041708946228
railway-759_jpg.rf.4f0077d899f9cf7c9693deb163ad23f6.jpg,0,595.1406860351562,68.05724334716797,620.1270141601562,130.68667602539062,0.5889455676078796
railway-759_jpg.rf.4f0077d899f9cf7c9693deb163ad23f6.jpg,0,636.961669921875,263.3772888183594,682.3515625,350.30194091796875,0.5819646716117859
railway-759_jpg.rf.4f0077d899f9cf7c9693deb163ad23f6.jpg,0,518.1910400390625,39.85447311401367,534.6668090820312,81.60741424560547,0.5644048452377319
railway-759_jpg.rf.4f0077d899f9cf7c9693deb163ad23f6.jpg,0,398.5633850097656,107.85704803466797,423.2223205566406,170.1227569580078,0.5365198254585266
railway-759_jpg.rf.4f0077d899f9cf7c9693deb163ad23f6.jpg,0,605.6102294921875,239.41416931152344,641.9804077148438,311.7544860839844,0.5200560688972473
railway-759_jpg.rf.4f0077d899f9cf7c9693deb163ad23f6.jpg,0,448.6664123535156,191.32232666015625,489.47369384765625,270.6819763183594,0.5163200497627258
railway-759_jpg.rf.4f0077d899f9cf7c9693deb163ad23f6.jpg,0,695.0712280273438,94.26483917236328,718.8936157226562,149.07464599609375,0.3611385226249695
railway-759_jpg.rf.4f0077d899f9cf7c9693deb163ad23f6.jpg,0,746.4367065429688,100.62447357177734,759.0,173.94671630859375,0.3209221065044403
railway-759_jpg.rf.4f0077d899f9cf7c9693deb163ad23f6.jpg,0,689.231201171875,282.92401123046875,750.9876708984375,378.7957458496094,0.2779672145843506
railway-759_jpg.rf.4f0077d899f9cf7c9693deb163ad23f6.jpg,0,604.2387084960938,241.6586151123047,650.7197265625,319.41802978515625,0.2633036971092224
railway-759_jpg.rf.4f0077d899f9cf7c9693deb163ad23f6.jpg,0,616.8798828125,64.42024230957031,638.3018798828125,120.13932800292969,0.26278430223464966
youtube-0_jpg.rf.748de2c82184b01e9c383cdc30c3f211.jpg,0,0.0,70.3470458984375,284.67852783203125,638.1129150390625,0.8906241655349731
youtube-0_jpg.rf.748de2c82184b01e9c383cdc30c3f211.jpg,0,390.573486328125,117.544677734375,638.106201171875,640.0,0.8737446069717407
youtube-0_jpg.rf.cd844551bfc21709ca2bff127714a367.jpg,0,116.39617919921875,23.28668212890625,499.4609375,640.0,0.8654258847236633
youtube-105_jpg.rf.f32802c452ddd52713384faf01abbe27.jpg,0,356.30377197265625,286.2535400390625,503.95672607421875,376.227783203125,0.8572561740875244
youtube-105_jpg.rf.f32802c452ddd52713384faf01abbe27.jpg,0,261.95916748046875,21.8189697265625,345.13433837890625,294.8013916015625,0.839012861251831
youtube-107_jpg.rf.b28f88e930f13e49662e20b3c59647a4.jpg,0,533.6141357421875,300.8594970703125,639.6429443359375,389.86474609375,0.8638689517974854
youtube-107_jpg.rf.b28f88e930f13e49662e20b3c59647a4.jpg,0,421.706298828125,62.3135986328125,507.9429931640625,305.94415283203125,0.8533375263214111
youtube-108_jpg.rf.b8cd9abad53cd7c2cc0dad135536172e.jpg,0,59.78985595703125,4.7239990234375,554.8041381835938,639.832275390625,0.9158422946929932
youtube-109_jpg.rf.bf5e66160442b98175796b46721081e0.jpg,0,52.12384033203125,5.6473388671875,549.0478515625,640.0,0.835119366645813
youtube-10_jpg.rf.edec0ec5657621f6540786c01611f419.jpg,0,274.3068542480469,132.99542236328125,409.2234802246094,636.763427734375,0.5007051229476929
youtube-10_jpg.rf.edec0ec5657621f6540786c01611f419.jpg,0,373.65936279296875,147.82994079589844,485.03985595703125,637.3336181640625,0.4983435869216919
youtube-10_jpg.rf.edec0ec5657621f6540786c01611f419.jpg,0,361.29693603515625,140.98382568359375,543.2858276367188,635.5989379882812,0.4438348710536957
youtube-114_jpg.rf.9d66675207bbb705fa234c0024303828.jpg,0,182.98001098632812,245.7662353515625,362.9308776855469,560.9766845703125,0.9408650398254395
youtube-114_jpg.rf.9d66675207bbb705fa234c0024303828.jpg,0,0.937744140625,23.767333984375,144.96957397460938,570.258544921875,0.5849352478981018
youtube-115_jpg.rf.08275a7187122c654799a673e21bf723.jpg,0,79.02130126953125,2.213623046875,563.9202270507812,640.0,0.9016170501708984
youtube-115_jpg.rf.2a9d0ed2e49f8510c7f3adb7c2ac3caf.jpg,0,60.38592529296875,3.7874755859375,547.54638671875,640.0,0.9239566326141357
youtube-115_jpg.rf.55ef5004de0bdb143fdae9629ab25c8a.jpg,0,348.87152099609375,73.9359130859375,574.8995971679688,637.8681640625,0.9065819382667542
youtube-115_jpg.rf.55ef5004de0bdb143fdae9629ab25c8a.jpg,0,186.95497131347656,429.77899169921875,381.3607177734375,639.5167846679688,0.77632737159729
youtube-129_jpg.rf.c8a4b775bd531d89397d978d2ce29267.jpg,0,84.93511962890625,4.8829345703125,544.7556762695312,640.0,0.9191734790802002
youtube-12_jpg.rf.9f4c6c424a3c937dac084f39d4893e75.jpg,0,118.20181274414062,3.1087646484375,366.9177551269531,640.0,0.7225536704063416
youtube-12_jpg.rf.9f4c6c424a3c937dac084f39d4893e75.jpg,0,311.41949462890625,21.59014892578125,429.64593505859375,507.3541259765625,0.6001628637313843
